city_id,city_primary,city_name,country_name,country_iso,continent,kg_zone,kg_class,population,lat,lon,bbox_west,bbox_east,bbox_south,bbox_north,n_pixels_1km,chunk_days_1km,n_chunks_1km,gee_collection,existing,selection_note
jakarta_idn,Jakarta,Jakarta,Indonesia,IDN,Asia,Af,A,36312538.7725,-6.38074672455,106.852957037,106.1046,107.6014,-6.8632,-5.8983,17794,50,132,projects/sat-io/open-datasets/global-daily-air-temp/europe_asia,False,auto-selected: pop rank within zone
singapore_sgp,Singapore,Singapore,Singapore,SGP,Asia,Af,A,6920918.42518,1.39113406877,103.885050818,103.6835,104.0866,1.2132,1.5691,1767,90,73,projects/sat-io/open-datasets/global-daily-air-temp/europe_asia,False,auto-selected: pop rank within zone
kampala_uga,Kampala,Kampala,Uganda,UGA,Africa,Af,A,3483365.2641,0.32733723871299997,32.5841667152,32.4144,32.7539,0.1777,0.477,1251,90,73,projects/sat-io/open-datasets/global-daily-air-temp/africa,False,auto-selected: pop rank within zone
mumbai_ind,Mumbai,Mumbai,India,IND,Asia,Am,A,21755882.3649,19.141073318,72.9707213262,72.7167,73.2247,18.9221,19.3601,2741,90,73,projects/sat-io/open-datasets/global-daily-air-temp/europe_asia,False,auto-selected: pop rank within zone
quezon_city__manila_phl,Quezon City [Manila],Quezon City [Manila],Philippines,PHL,Asia,Am,A,21691140.9203,14.5519138853,121.019178204,120.7649,121.2734,14.0688,15.035,6053,90,73,projects/sat-io/open-datasets/global-daily-air-temp/europe_asia,False,auto-selected: pop rank within zone
miami_usa,Miami,Miami,United States,USA,North America,Am,A,5406570.28784,26.1795873828,-80.2108039007,-80.4356,-79.986,25.4503,26.9089,8079,90,73,projects/sat-io/open-datasets/global-daily-air-temp/north_america,False,auto-selected: pop rank within zone
salvador,Salvador,Salvador,Brazil,BRA,South America,Aw,A,2900000.0,-12.97,-38.51,-39.26,-37.76,-13.72,-12.22,27722,32,206,projects/sat-io/open-datasets/global-daily-air-temp/latin_america,True,existing pilot city
teresina,Teresina,Teresina,Brazil,BRA,South America,Aw,A,900000.0,-5.09,-42.8,-43.55,-42.05,-5.84,-4.34,27722,32,206,projects/sat-io/open-datasets/global-daily-air-temp/latin_america,True,existing pilot city
caceres,Cáceres,Cáceres,Brazil,BRA,South America,Aw,A,100000.0,-16.07,-57.68,-58.43,-56.93,-16.82,-15.32,27722,32,206,projects/sat-io/open-datasets/global-daily-air-temp/latin_america,True,existing pilot city
delhi__new_delhi_ind,Delhi [New Delhi],Delhi [New Delhi],India,IND,Asia,BSh,B,26658713.5982,28.6287744312,77.203261718,76.7773,77.6292,28.2377,29.0198,8209,90,73,projects/sat-io/open-datasets/global-daily-air-temp/europe_asia,False,auto-selected: pop rank within zone
lahore_pak,Lahore,Lahore,Pakistan,PAK,Asia,BSh,B,10114717.5133,31.5178650821,74.2526499629,73.8661,74.6392,31.2472,31.7885,5156,90,73,projects/sat-io/open-datasets/global-daily-air-temp/europe_asia,False,auto-selected: pop rank within zone
luanda_ago,Luanda,Luanda,Angola,AGO,Africa,BSh,B,6786991.19412,-8.9018864235,13.3028377967,13.0871,13.5185,-9.0725,-8.7313,1813,90,73,projects/sat-io/open-datasets/global-daily-air-temp/africa,False,auto-selected: pop rank within zone
beijing_chn,Beijing,Beijing,China,CHN,Asia,BSk,B,17982667.6475,39.8989994115,116.3498742,115.9213,116.7785,39.6218,40.1762,5855,90,73,projects/sat-io/open-datasets/global-daily-air-temp/europe_asia,False,auto-selected: pop rank within zone
los_angeles_usa,Los Angeles,Los Angeles,United States,USA,North America,BSk,B,14281719.797,33.9538135524,-117.953925337,-118.7039,-117.2039,33.4851,34.4225,17324,51,129,projects/sat-io/open-datasets/global-daily-air-temp/north_america,False,auto-selected: pop rank within zone
tehran_irn,Tehran,Tehran,Iran,IRN,Asia,BSk,B,12515044.5449,35.6984621488,51.2276999457,50.8333,51.6221,35.4884,35.9085,4082,90,73,projects/sat-io/open-datasets/global-daily-air-temp/europe_asia,False,auto-selected: pop rank within zone
cairo_egy,Cairo,Cairo,Egypt,EGY,Africa,BWh,B,19734085.7298,30.0592928673,31.2607183416,30.9984,31.5231,29.6748,30.4438,4971,90,73,projects/sat-io/open-datasets/global-daily-air-temp/africa,False,auto-selected: pop rank within zone
karachi_pak,Karachi,Karachi,Pakistan,PAK,Asia,BWh,B,13150694.4818,24.8993080119,67.0780103723,66.8587,67.2974,24.765,25.0336,1451,90,73,projects/sat-io/open-datasets/global-daily-air-temp/europe_asia,False,auto-selected: pop rank within zone
lima_per,Lima,Lima,Peru,PER,South America,BWh,B,9265580.4988,-12.0260676264,-77.0152968402,-77.2385,-76.7921,-12.2504,-11.8018,2467,90,73,projects/sat-io/open-datasets/global-daily-air-temp/latin_america,False,auto-selected: pop rank within zone
sana_a_yem,Sana'a,Sana'a,Yemen,YEM,Asia,BWk,B,2537059.5854,15.3684819909,44.2050506075,44.1398,44.2703,15.2537,15.4833,369,90,73,projects/sat-io/open-datasets/global-daily-air-temp/europe_asia,False,auto-selected: pop rank within zone
isfahan_irn,Isfahan,Isfahan,Iran,IRN,Asia,BWk,B,2011732.19601,32.6683338961,51.6455027186,51.4812,51.8098,32.5863,32.7504,664,90,73,projects/sat-io/open-datasets/global-daily-air-temp/europe_asia,False,auto-selected: pop rank within zone
mendoza_arg,Mendoza,Mendoza,Argentina,ARG,South America,BWk,B,937975.566467,-32.9062643025,-68.8141398425,-68.9024,-68.7259,-32.997,-32.8155,394,90,73,projects/sat-io/open-datasets/global-daily-air-temp/latin_america,False,auto-selected: pop rank within zone
tokyo_jpn,Tokyo,Tokyo,Japan,JPN,Asia,Cfa,C,33028731.2212,35.6814813096,139.649415997,139.0464,140.2524,35.1739,36.1891,15084,59,112,projects/sat-io/open-datasets/global-daily-air-temp/europe_asia,False,auto-selected: pop rank within zone
shanghai_chn,Shanghai,Shanghai,China,CHN,Asia,Cfa,C,24472119.102,31.1924962369,121.427127762,120.9905,121.8638,30.8878,31.4972,6557,90,73,projects/sat-io/open-datasets/global-daily-air-temp/europe_asia,False,auto-selected: pop rank within zone
são_paulo_bra,São Paulo,São Paulo,Brazil,BRA,South America,Cfa,C,19114337.2031,-23.5727526739,-46.5994303894,-47.0224,-46.1765,-23.7943,-23.3512,4618,90,73,projects/sat-io/open-datasets/global-daily-air-temp/latin_america,False,auto-selected: pop rank within zone
paris_fra,Paris,Paris,France,FRA,Europe,Cfb,C,9711652.2566,48.8399046163,2.3220101942999998,1.9324,2.7116,48.5891,49.0907,4815,90,73,projects/sat-io/open-datasets/global-daily-air-temp/europe_asia,False,auto-selected: pop rank within zone
london_gbr,London,London,United Kingdom,GBR,Europe,Cfb,C,9609627.23125,51.4935798141,-0.129891877488,-0.6455,0.3857,51.2375,51.7497,6507,90,73,projects/sat-io/open-datasets/global-daily-air-temp/europe_asia,False,auto-selected: pop rank within zone
bogota_col,Bogota,Bogota,Colombia,COL,South America,Cfb,C,8608815.41423,4.65088453335,-74.1238041154,-74.2593,-73.9883,4.4768,4.825,1162,90,73,projects/sat-io/open-datasets/global-daily-air-temp/latin_america,False,auto-selected: pop rank within zone
istanbul_tur,Istanbul,Istanbul,Turkey,TUR,Asia,Csa,C,14111242.4123,40.9950669345,29.0310228371,28.5214,29.5407,40.7567,41.2335,5988,90,73,projects/sat-io/open-datasets/global-daily-air-temp/europe_asia,False,auto-selected: pop rank within zone
madrid_esp,Madrid,Madrid,Spain,ESP,Europe,Csa,C,4894294.60208,40.4040466482,-3.70816628677,-3.97,-3.4464,40.2202,40.5879,2372,90,73,projects/sat-io/open-datasets/global-daily-air-temp/europe_asia,False,auto-selected: pop rank within zone
varanasi_ind,Varanasi,Varanasi,India,IND,Asia,Csa,C,4188270.76524,25.2953368596,83.0056872107,82.8039,83.2074,25.1441,25.4466,1503,90,73,projects/sat-io/open-datasets/global-daily-air-temp/europe_asia,False,auto-selected: pop rank within zone
san_jose_usa,San Jose,San Jose,United States,USA,North America,Csb,C,4604961.31032,37.3271154431,-121.933298875,-122.3314,-121.5352,36.8942,37.7601,8494,90,73,projects/sat-io/open-datasets/global-daily-air-temp/north_america,False,auto-selected: pop rank within zone
porto_prt,Porto,Porto,Portugal,PRT,Europe,Csb,C,998283.490438,41.1646538654,-8.60914900985,-8.7565,-8.4618,41.0206,41.3087,1046,90,73,projects/sat-io/open-datasets/global-daily-air-temp/europe_asia,False,auto-selected: pop rank within zone
viña_del_mar__valparaíso_chl,Viña del Mar [Valparaíso],Viña del Mar [Valparaíso],Chile,CHL,South America,Csb,C,831988.712593,-33.0210369322,-71.5131435862,-71.6779,-71.3484,-33.1032,-32.9389,667,90,73,projects/sat-io/open-datasets/global-daily-air-temp/latin_america,False,auto-selected: pop rank within zone
guangzhou_chn,Guangzhou,Guangzhou,China,CHN,Asia,Cwa,C,40589878.1018,22.633534493,113.997382998,113.2474,114.7474,22.1662,23.1009,17274,52,127,projects/sat-io/open-datasets/global-daily-air-temp/europe_asia,False,auto-selected: pop rank within zone
seoul_kor,Seoul,Seoul,South Korea,KOR,Asia,Cwa,C,21600841.0338,37.475554766,126.924373493,126.5835,127.2653,37.1181,37.833,6005,90,73,projects/sat-io/open-datasets/global-daily-air-temp/europe_asia,False,auto-selected: pop rank within zone
guadalajara_mex,Guadalajara,Guadalajara,Mexico,MEX,South America,Cwa,C,4530296.31443,20.6376130383,-103.35913857,-103.5029,-103.2153,20.4842,20.7911,1087,90,73,projects/sat-io/open-datasets/global-daily-air-temp/latin_america,False,auto-selected: pop rank within zone
mexico_city_mex,Mexico City,Mexico City,Mexico,MEX,South America,Cwb,C,19559564.0339,19.4515904735,-99.1056026108,-99.391,-98.8202,19.1662,19.737,4014,90,73,projects/sat-io/open-datasets/global-daily-air-temp/latin_america,False,auto-selected: pop rank within zone
johannesburg_zaf,Johannesburg,Johannesburg,South Africa,ZAF,Africa,Cwb,C,6516134.23486,-26.1797708122,28.0555356182,27.7472,28.3639,-26.42,-25.9396,3650,90,73,projects/sat-io/open-datasets/global-daily-air-temp/africa,False,auto-selected: pop rank within zone
addis_ababa_eth,Addis Ababa,Addis Ababa,Ethiopia,ETH,Africa,Cwb,C,3830787.81944,8.99259382559,38.7590895169,38.5867,38.9314,8.8666,9.1185,1069,90,73,projects/sat-io/open-datasets/global-daily-air-temp/africa,False,auto-selected: pop rank within zone
chicago_usa,Chicago,Chicago,United States,USA,North America,Dfa,D,6779775.29351,41.7939627357,-87.8225372733,-88.4399,-87.2052,41.4007,42.1872,11964,75,88,projects/sat-io/open-datasets/global-daily-air-temp/north_america,False,auto-selected: pop rank within zone
yerevan_arm,Yerevan,Yerevan,Armenia,ARM,Asia,Dfa,D,1132740.69331,40.1724661345,44.4986005181,44.3892,44.608,40.0964,40.2486,410,90,73,projects/sat-io/open-datasets/global-daily-air-temp/europe_asia,False,auto-selected: pop rank within zone
bishkek_kgz,Bishkek,Bishkek,Kyrgyzstan,KGZ,Asia,Dfa,D,1119914.83842,42.8773542924,74.5910825543,74.4181,74.764,42.8137,42.941,542,90,73,projects/sat-io/open-datasets/global-daily-air-temp/europe_asia,False,auto-selected: pop rank within zone
moscow_rus,Moscow,Moscow,Russia,RUS,Europe,Dfb,D,14077364.3642,55.7385518753,37.6486246284,37.2181,38.0792,55.3979,56.0792,7228,90,73,projects/sat-io/open-datasets/global-daily-air-temp/europe_asia,False,auto-selected: pop rank within zone
toronto_can,Toronto,Toronto,Canada,CAN,North America,Dfb,D,6036145.78301,43.6524676752,-79.5338102426,-80.0493,-79.0184,43.2551,44.0498,10094,89,74,projects/sat-io/open-datasets/global-daily-air-temp/north_america,False,auto-selected: pop rank within zone
kyiv_ukr,Kyiv,Kyiv,Ukraine,UKR,Europe,Dfb,D,2737788.64883,50.4410529872,30.5224114792,30.3171,30.7277,50.2973,50.5848,1454,90,73,projects/sat-io/open-datasets/global-daily-air-temp/europe_asia,False,auto-selected: pop rank within zone
shenyang_chn,Shenyang,Shenyang,China,CHN,Asia,Dwa,D,5489522.56604,41.7876169107,123.384670618,123.1718,123.5976,41.634,41.9412,1611,90,73,projects/sat-io/open-datasets/global-daily-air-temp/europe_asia,False,auto-selected: pop rank within zone
pyongyang_prk,Pyongyang,Pyongyang,North Korea,PRK,Asia,Dwa,D,2439213.86891,39.0309474964,125.738391921,125.6033,125.8735,38.933,39.1289,652,90,73,projects/sat-io/open-datasets/global-daily-air-temp/europe_asia,False,auto-selected: pop rank within zone
vladivostok_rus,Vladivostok,Vladivostok,Russia,RUS,Europe,Dwb,D,545902.360809,43.1648371986,131.957315885,131.8021,132.1125,43.019,43.3107,1115,90,73,projects/sat-io/open-datasets/global-daily-air-temp/europe_asia,False,auto-selected: pop rank within zone
hegang_chn,Hegang,Hegang,China,CHN,Asia,Dwb,D,526931.299103,47.3053997779,130.260791052,130.1746,130.347,47.2165,47.3943,377,90,73,projects/sat-io/open-datasets/global-daily-air-temp/europe_asia,False,auto-selected: pop rank within zone
