pixel_id,latitude,longitude,reference_percentile,heat_days,threshold_used,temperature_trend,seasonal_means,annual_max,annual_min,annual_range
0_0,-13.021080043312464,-38.69493086344839,0.0,0.0,0.0,0.0,0.0,0.0,0.0,0.0
0_1,-13.021080043312464,-38.685947710607195,0.0,0.0,0.0,0.0,0.0,0.0,0.0,0.0
0_2,-13.021080043312464,-38.676964557766,0.0,0.0,0.0,0.0,0.0,0.0,0.0,0.0
0_3,-13.021080043312464,-38.6679814049248,0.0,0.0,0.0,0.0,0.0,0.0,0.0,0.0
0_4,-13.021080043312464,-38.658998252083606,0.0,0.0,0.0,0.0,0.0,0.0,0.0,0.0
0_5,-13.021080043312464,-38.65001509924242,0.0,0.0,0.0,0.0,0.0,0.0,0.0,0.0
0_6,-13.021080043312464,-38.64103194640122,0.0,0.0,0.0,0.0,0.0,0.0,0.0,0.0
0_7,-13.021080043312464,-38.632048793560024,0.0,0.0,0.0,0.0,0.0,0.0,0.0,0.0
0_8,-13.021080043312464,-38.62306564071883,0.0,0.0,0.0,0.0,0.0,0.0,0.0,0.0
0_9,-13.021080043312464,-38.61408248787763,0.0,0.0,0.0,0.0,0.0,0.0,0.0,0.0
0_10,-13.021080043312464,-38.605099335036435,0.0,0.0,0.0,0.0,0.0,0.0,0.0,0.0
0_11,-13.021080043312464,-38.542217265148075,0.0,0.0,0.0,0.0,0.0,0.0,0.0,0.0
0_12,-13.021080043312464,-38.53323411230688,0.0,0.0,0.0,0.0,0.0,0.0,0.0,0.0
0_13,-13.021080043312464,-38.52425095946568,0.0,0.0,0.0,0.0,0.0,0.0,0.0,0.0
0_14,-13.021080043312464,-38.515267806624486,0.0,0.0,0.0,0.0,0.0,0.0,0.0,0.0
0_15,-13.021080043312464,-38.50628465378329,0.0,0.0,0.0,0.0,0.0,0.0,0.0,0.0
0_16,-13.021080043312464,-38.49730150094209,0.0,0.0,0.0,0.0,0.0,0.0,0.0,0.0
0_17,-13.021080043312464,-38.4883183481009,0.0,0.0,0.0,0.0,0.0,0.0,0.0,0.0
0_18,-13.021080043312464,-38.47933519525971,0.0,0.0,0.0,0.0,0.0,0.0,0.0,0.0
0_19,-13.021080043312464,-38.47035204241851,0.0,0.0,0.0,0.0,0.0,0.0,0.0,0.0
0_20,-13.021080043312464,-38.461368889577315,0.0,0.0,0.0,0.0,0.0,0.0,0.0,0.0
0_21,-13.021080043312464,-38.45238573673612,0.0,0.0,0.0,0.0,0.0,0.0,0.0,0.0
0_22,-13.021080043312464,-38.44340258389492,0.0,0.0,0.0,0.0,0.0,0.0,0.0,0.0
0_23,-13.021080043312464,-38.434419431053726,0.0,0.0,0.0,0.0,0.0,0.0,0.0,0.0
0_24,-13.021080043312464,-38.42543627821254,0.0,0.0,0.0,0.0,0.0,0.0,0.0,0.0
0_25,-13.021080043312464,-38.41645312537134,0.0,0.0,0.0,0.0,0.0,0.0,0.0,0.0
0_26,-13.021080043312464,-38.407469972530144,0.0,0.0,0.0,0.0,0.0,0.0,0.0,0.0
0_27,-13.021080043312464,-38.39848681968895,0.0,0.0,0.0,0.0,0.0,0.0,0.0,0.0
0_28,-13.021080043312464,-38.38950366684775,0.0,0.0,0.0,0.0,0.0,0.0,0.0,0.0
0_29,-13.021080043312464,-38.380520514006555,0.0,0.0,0.0,0.0,0.0,0.0,0.0,0.0
0_30,-13.021080043312464,-38.37153736116536,0.0,0.0,0.0,0.0,0.0,0.0,0.0,0.0
0_31,-13.021080043312464,-38.36255420832417,0.0,0.0,0.0,0.0,0.0,0.0,0.0,0.0
0_32,-13.021080043312464,-38.35357105548297,0.0,0.0,0.0,0.0,0.0,0.0,0.0,0.0
0_33,-13.021080043312464,-38.34458790264178,0.0,0.0,0.0,0.0,0.0,0.0,0.0,0.0
0_34,-13.021080043312464,-38.33560474980058,0.0,0.0,0.0,0.0,0.0,0.0,0.0,0.0
0_35,-13.021080043312464,-38.326621596959384,0.0,0.0,0.0,0.0,0.0,0.0,0.0,0.0
0_36,-13.021080043312464,-38.31763844411819,0.0,0.0,0.0,0.0,0.0,0.0,0.0,0.0
0_37,-13.021080043312464,-38.308655291277,0.0,0.0,0.0,0.0,0.0,0.0,0.0,0.0
1_0,-13.01209689047127,-38.69493086344839,0.0,0.0,0.0,0.0,0.0,0.0,0.0,0.0
1_1,-13.01209689047127,-38.685947710607195,0.0,0.0,0.0,0.0,0.0,0.0,0.0,0.0
1_2,-13.01209689047127,-38.676964557766,0.0,0.0,0.0,0.0,0.0,0.0,0.0,0.0
1_3,-13.01209689047127,-38.6679814049248,0.0,0.0,0.0,0.0,0.0,0.0,0.0,0.0
1_4,-13.01209689047127,-38.658998252083606,0.0,0.0,0.0,0.0,0.0,0.0,0.0,0.0
1_5,-13.01209689047127,-38.65001509924242,0.0,0.0,0.0,0.0,0.0,0.0,0.0,0.0
1_6,-13.01209689047127,-38.64103194640122,0.0,0.0,0.0,0.0,0.0,0.0,0.0,0.0
1_7,-13.01209689047127,-38.632048793560024,0.0,0.0,0.0,0.0,0.0,0.0,0.0,0.0
1_8,-13.01209689047127,-38.62306564071883,0.0,0.0,0.0,0.0,0.0,0.0,0.0,0.0
1_9,-13.01209689047127,-38.61408248787763,0.0,0.0,0.0,0.0,0.0,0.0,0.0,0.0
1_10,-13.01209689047127,-38.605099335036435,0.0,0.0,0.0,0.0,0.0,0.0,0.0,0.0
1_11,-13.01209689047127,-38.542217265148075,0.0,0.0,0.0,0.0,0.0,0.0,0.0,0.0
1_12,-13.01209689047127,-38.53323411230688,0.0,0.0,0.0,0.0,0.0,0.0,0.0,0.0
1_13,-13.01209689047127,-38.52425095946568,0.0,0.0,0.0,0.0,0.0,0.0,0.0,0.0
1_14,-13.01209689047127,-38.515267806624486,0.0,0.0,0.0,0.0,0.0,0.0,0.0,0.0
1_15,-13.01209689047127,-38.50628465378329,0.0,0.0,0.0,0.0,0.0,0.0,0.0,0.0
1_16,-13.01209689047127,-38.49730150094209,0.0,0.0,0.0,0.0,0.0,0.0,0.0,0.0
1_17,-13.01209689047127,-38.4883183481009,0.0,0.0,0.0,0.0,0.0,0.0,0.0,0.0
1_18,-13.01209689047127,-38.47933519525971,0.0,0.0,0.0,0.0,0.0,0.0,0.0,0.0
1_19,-13.01209689047127,-38.47035204241851,0.0,0.0,0.0,0.0,0.0,0.0,0.0,0.0
1_20,-13.01209689047127,-38.461368889577315,0.0,0.0,0.0,0.0,0.0,0.0,0.0,0.0
1_21,-13.01209689047127,-38.45238573673612,0.0,0.0,0.0,0.0,0.0,0.0,0.0,0.0
1_22,-13.01209689047127,-38.44340258389492,0.0,0.0,0.0,0.0,0.0,0.0,0.0,0.0
1_23,-13.01209689047127,-38.434419431053726,0.0,0.0,0.0,0.0,0.0,0.0,0.0,0.0
1_24,-13.01209689047127,-38.42543627821254,0.0,0.0,0.0,0.0,0.0,0.0,0.0,0.0
1_25,-13.01209689047127,-38.41645312537134,0.0,0.0,0.0,0.0,0.0,0.0,0.0,0.0
1_26,-13.01209689047127,-38.407469972530144,0.0,0.0,0.0,0.0,0.0,0.0,0.0,0.0
1_27,-13.01209689047127,-38.39848681968895,0.0,0.0,0.0,0.0,0.0,0.0,0.0,0.0
1_28,-13.01209689047127,-38.38950366684775,0.0,0.0,0.0,0.0,0.0,0.0,0.0,0.0
1_29,-13.01209689047127,-38.380520514006555,0.0,0.0,0.0,0.0,0.0,0.0,0.0,0.0
1_30,-13.01209689047127,-38.37153736116536,0.0,0.0,0.0,0.0,0.0,0.0,0.0,0.0
1_31,-13.01209689047127,-38.36255420832417,0.0,0.0,0.0,0.0,0.0,0.0,0.0,0.0
1_32,-13.01209689047127,-38.35357105548297,0.0,0.0,0.0,0.0,0.0,0.0,0.0,0.0
1_33,-13.01209689047127,-38.34458790264178,0.0,0.0,0.0,0.0,0.0,0.0,0.0,0.0
1_34,-13.01209689047127,-38.33560474980058,0.0,0.0,0.0,0.0,0.0,0.0,0.0,0.0
1_35,-13.01209689047127,-38.326621596959384,0.0,0.0,0.0,0.0,0.0,0.0,0.0,0.0
1_36,-13.01209689047127,-38.31763844411819,0.0,0.0,0.0,0.0,0.0,0.0,0.0,0.0
1_37,-13.01209689047127,-38.308655291277,0.0,0.0,0.0,0.0,0.0,0.0,0.0,0.0
2_0,-13.003113737630073,-38.69493086344839,0.0,0.0,0.0,0.0,0.0,0.0,0.0,0.0
2_1,-13.003113737630073,-38.685947710607195,0.0,0.0,0.0,0.0,0.0,0.0,0.0,0.0
2_2,-13.003113737630073,-38.676964557766,0.0,0.0,0.0,0.0,0.0,0.0,0.0,0.0
2_3,-13.003113737630073,-38.6679814049248,0.0,0.0,0.0,0.0,0.0,0.0,0.0,0.0
2_4,-13.003113737630073,-38.658998252083606,0.0,0.0,0.0,0.0,0.0,0.0,0.0,0.0
2_5,-13.003113737630073,-38.65001509924242,0.0,0.0,0.0,0.0,0.0,0.0,0.0,0.0
2_6,-13.003113737630073,-38.64103194640122,0.0,0.0,0.0,0.0,0.0,0.0,0.0,0.0
2_7,-13.003113737630073,-38.632048793560024,0.0,0.0,0.0,0.0,0.0,0.0,0.0,0.0
2_8,-13.003113737630073,-38.62306564071883,0.0,0.0,0.0,0.0,0.0,0.0,0.0,0.0
2_9,-13.003113737630073,-38.61408248787763,0.0,0.0,0.0,0.0,0.0,0.0,0.0,0.0
2_10,-13.003113737630073,-38.605099335036435,0.0,0.0,0.0,0.0,0.0,0.0,0.0,0.0
2_11,-13.003113737630073,-38.542217265148075,0.0,0.0,0.0,0.0,0.0,0.0,0.0,0.0
2_12,-13.003113737630073,-38.53323411230688,0.0,0.0,0.0,0.0,0.0,0.0,0.0,0.0
2_13,-13.003113737630073,-38.52425095946568,0.0,0.0,0.0,0.0,0.0,0.0,0.0,0.0
2_14,-13.003113737630073,-38.515267806624486,0.0,0.0,0.0,0.0,0.0,0.0,0.0,0.0
2_15,-13.003113737630073,-38.50628465378329,0.0,0.0,0.0,0.0,0.0,0.0,0.0,0.0
2_16,-13.003113737630073,-38.49730150094209,0.0,0.0,0.0,0.0,0.0,0.0,0.0,0.0
2_17,-13.003113737630073,-38.4883183481009,0.0,0.0,0.0,0.0,0.0,0.0,0.0,0.0
2_18,-13.003113737630073,-38.47933519525971,0.0,0.0,0.0,0.0,0.0,0.0,0.0,0.0
2_19,-13.003113737630073,-38.47035204241851,0.0,0.0,0.0,0.0,0.0,0.0,0.0,0.0
2_20,-13.003113737630073,-38.461368889577315,0.0,0.0,0.0,0.0,0.0,0.0,0.0,0.0
2_21,-13.003113737630073,-38.45238573673612,0.0,0.0,0.0,0.0,0.0,0.0,0.0,0.0
2_22,-13.003113737630073,-38.44340258389492,0.0,0.0,0.0,0.0,0.0,0.0,0.0,0.0
2_23,-13.003113737630073,-38.434419431053726,0.0,0.0,0.0,0.0,0.0,0.0,0.0,0.0
2_24,-13.003113737630073,-38.42543627821254,0.0,0.0,0.0,0.0,0.0,0.0,0.0,0.0
2_25,-13.003113737630073,-38.41645312537134,0.0,0.0,0.0,0.0,0.0,0.0,0.0,0.0
2_26,-13.003113737630073,-38.407469972530144,0.0,0.0,0.0,0.0,0.0,0.0,0.0,0.0
2_27,-13.003113737630073,-38.39848681968895,0.0,0.0,0.0,0.0,0.0,0.0,0.0,0.0
2_28,-13.003113737630073,-38.38950366684775,0.0,0.0,0.0,0.0,0.0,0.0,0.0,0.0
2_29,-13.003113737630073,-38.380520514006555,0.0,0.0,0.0,0.0,0.0,0.0,0.0,0.0
2_30,-13.003113737630073,-38.37153736116536,0.0,0.0,0.0,0.0,0.0,0.0,0.0,0.0
2_31,-13.003113737630073,-38.36255420832417,0.0,0.0,0.0,0.0,0.0,0.0,0.0,0.0
2_32,-13.003113737630073,-38.35357105548297,0.0,0.0,0.0,0.0,0.0,0.0,0.0,0.0
2_33,-13.003113737630073,-38.34458790264178,0.0,0.0,0.0,0.0,0.0,0.0,0.0,0.0
2_34,-13.003113737630073,-38.33560474980058,0.0,0.0,0.0,0.0,0.0,0.0,0.0,0.0
2_35,-13.003113737630073,-38.326621596959384,0.0,0.0,0.0,0.0,0.0,0.0,0.0,0.0
2_36,-13.003113737630073,-38.31763844411819,0.0,0.0,0.0,0.0,0.0,0.0,0.0,0.0
2_37,-13.003113737630073,-38.308655291277,0.0,0.0,0.0,0.0,0.0,0.0,0.0,0.0
3_0,-12.994130584788879,-38.69493086344839,0.0,0.0,0.0,0.0,0.0,0.0,0.0,0.0
3_1,-12.994130584788879,-38.685947710607195,0.0,0.0,0.0,0.0,0.0,0.0,0.0,0.0
3_2,-12.994130584788879,-38.676964557766,0.0,0.0,0.0,0.0,0.0,0.0,0.0,0.0
3_3,-12.994130584788879,-38.6679814049248,0.0,0.0,0.0,0.0,0.0,0.0,0.0,0.0
3_4,-12.994130584788879,-38.658998252083606,0.0,0.0,0.0,0.0,0.0,0.0,0.0,0.0
3_5,-12.994130584788879,-38.65001509924242,0.0,0.0,0.0,0.0,0.0,0.0,0.0,0.0
3_6,-12.994130584788879,-38.64103194640122,0.0,0.0,0.0,0.0,0.0,0.0,0.0,0.0
3_7,-12.994130584788879,-38.632048793560024,0.0,0.0,0.0,0.0,0.0,0.0,0.0,0.0
3_8,-12.994130584788879,-38.62306564071883,0.0,0.0,0.0,0.0,0.0,0.0,0.0,0.0
3_9,-12.994130584788879,-38.61408248787763,0.0,0.0,0.0,0.0,0.0,0.0,0.0,0.0
3_10,-12.994130584788879,-38.605099335036435,0.0,0.0,0.0,0.0,0.0,0.0,0.0,0.0
3_11,-12.994130584788879,-38.542217265148075,0.0,0.0,0.0,0.0,0.0,0.0,0.0,0.0
3_12,-12.994130584788879,-38.53323411230688,0.0,0.0,0.0,0.0,0.0,0.0,0.0,0.0
3_13,-12.994130584788879,-38.52425095946568,0.0,0.0,0.0,0.0,0.0,0.0,0.0,0.0
3_14,-12.994130584788879,-38.515267806624486,0.0,0.0,0.0,0.0,0.0,0.0,0.0,0.0
3_15,-12.994130584788879,-38.50628465378329,0.0,0.0,0.0,0.0,0.0,0.0,0.0,0.0
3_16,-12.994130584788879,-38.49730150094209,0.0,0.0,0.0,0.0,0.0,0.0,0.0,0.0
3_17,-12.994130584788879,-38.4883183481009,0.0,0.0,0.0,0.0,0.0,0.0,0.0,0.0
3_18,-12.994130584788879,-38.47933519525971,0.0,0.0,0.0,0.0,0.0,0.0,0.0,0.0
3_19,-12.994130584788879,-38.47035204241851,0.0,0.0,0.0,0.0,0.0,0.0,0.0,0.0
3_20,-12.994130584788879,-38.461368889577315,0.0,0.0,0.0,0.0,0.0,0.0,0.0,0.0
3_21,-12.994130584788879,-38.45238573673612,0.0,0.0,0.0,0.0,0.0,0.0,0.0,0.0
3_22,-12.994130584788879,-38.44340258389492,0.0,0.0,0.0,0.0,0.0,0.0,0.0,0.0
3_23,-12.994130584788879,-38.434419431053726,0.0,0.0,0.0,0.0,0.0,0.0,0.0,0.0
3_24,-12.994130584788879,-38.42543627821254,0.0,0.0,0.0,0.0,0.0,0.0,0.0,0.0
3_25,-12.994130584788879,-38.41645312537134,0.0,0.0,0.0,0.0,0.0,0.0,0.0,0.0
3_26,-12.994130584788879,-38.407469972530144,0.0,0.0,0.0,0.0,0.0,0.0,0.0,0.0
3_27,-12.994130584788879,-38.39848681968895,0.0,0.0,0.0,0.0,0.0,0.0,0.0,0.0
3_28,-12.994130584788879,-38.38950366684775,0.0,0.0,0.0,0.0,0.0,0.0,0.0,0.0
3_29,-12.994130584788879,-38.380520514006555,0.0,0.0,0.0,0.0,0.0,0.0,0.0,0.0
3_30,-12.994130584788879,-38.37153736116536,0.0,0.0,0.0,0.0,0.0,0.0,0.0,0.0
3_31,-12.994130584788879,-38.36255420832417,0.0,0.0,0.0,0.0,0.0,0.0,0.0,0.0
3_32,-12.994130584788879,-38.35357105548297,0.0,0.0,0.0,0.0,0.0,0.0,0.0,0.0
3_33,-12.994130584788879,-38.34458790264178,0.0,0.0,0.0,0.0,0.0,0.0,0.0,0.0
3_34,-12.994130584788879,-38.33560474980058,0.0,0.0,0.0,0.0,0.0,0.0,0.0,0.0
3_35,-12.994130584788879,-38.326621596959384,0.0,0.0,0.0,0.0,0.0,0.0,0.0,0.0
3_36,-12.994130584788879,-38.31763844411819,0.0,0.0,0.0,0.0,0.0,0.0,0.0,0.0
3_37,-12.994130584788879,-38.308655291277,0.0,0.0,0.0,0.0,0.0,0.0,0.0,0.0
4_0,-12.985147431947684,-38.69493086344839,0.0,0.0,0.0,0.0,0.0,0.0,0.0,0.0
4_1,-12.985147431947684,-38.685947710607195,0.0,0.0,0.0,0.0,0.0,0.0,0.0,0.0
4_2,-12.985147431947684,-38.676964557766,0.0,0.0,0.0,0.0,0.0,0.0,0.0,0.0
4_3,-12.985147431947684,-38.6679814049248,0.0,0.0,0.0,0.0,0.0,0.0,0.0,0.0
4_4,-12.985147431947684,-38.658998252083606,0.0,0.0,0.0,0.0,0.0,0.0,0.0,0.0
4_5,-12.985147431947684,-38.65001509924242,0.0,0.0,0.0,0.0,0.0,0.0,0.0,0.0
4_6,-12.985147431947684,-38.64103194640122,0.0,0.0,0.0,0.0,0.0,0.0,0.0,0.0
4_7,-12.985147431947684,-38.632048793560024,0.0,0.0,0.0,0.0,0.0,0.0,0.0,0.0
4_8,-12.985147431947684,-38.62306564071883,0.0,0.0,0.0,0.0,0.0,0.0,0.0,0.0
4_9,-12.985147431947684,-38.61408248787763,0.0,0.0,0.0,0.0,0.0,0.0,0.0,0.0
4_10,-12.985147431947684,-38.605099335036435,0.0,0.0,0.0,0.0,0.0,0.0,0.0,0.0
4_11,-12.985147431947684,-38.542217265148075,0.0,0.0,0.0,0.0,0.0,0.0,0.0,0.0
4_12,-12.985147431947684,-38.53323411230688,0.0,0.0,0.0,0.0,0.0,0.0,0.0,0.0
4_13,-12.985147431947684,-38.52425095946568,0.0,0.0,0.0,0.0,0.0,0.0,0.0,0.0
4_14,-12.985147431947684,-38.515267806624486,0.0,0.0,0.0,0.0,0.0,0.0,0.0,0.0
4_15,-12.985147431947684,-38.50628465378329,0.0,0.0,0.0,0.0,0.0,0.0,0.0,0.0
4_16,-12.985147431947684,-38.49730150094209,0.0,0.0,0.0,0.0,0.0,0.0,0.0,0.0
4_17,-12.985147431947684,-38.4883183481009,0.0,0.0,0.0,0.0,0.0,0.0,0.0,0.0
4_18,-12.985147431947684,-38.47933519525971,0.0,0.0,0.0,0.0,0.0,0.0,0.0,0.0
4_19,-12.985147431947684,-38.47035204241851,0.0,0.0,0.0,0.0,0.0,0.0,0.0,0.0
4_20,-12.985147431947684,-38.461368889577315,0.0,0.0,0.0,0.0,0.0,0.0,0.0,0.0
4_21,-12.985147431947684,-38.45238573673612,0.0,0.0,0.0,0.0,0.0,0.0,0.0,0.0
4_22,-12.985147431947684,-38.44340258389492,0.0,0.0,0.0,0.0,0.0,0.0,0.0,0.0
4_23,-12.985147431947684,-38.434419431053726,0.0,0.0,0.0,0.0,0.0,0.0,0.0,0.0
4_24,-12.985147431947684,-38.42543627821254,0.0,0.0,0.0,0.0,0.0,0.0,0.0,0.0
4_25,-12.985147431947684,-38.41645312537134,0.0,0.0,0.0,0.0,0.0,0.0,0.0,0.0
4_26,-12.985147431947684,-38.407469972530144,0.0,0.0,0.0,0.0,0.0,0.0,0.0,0.0
4_27,-12.985147431947684,-38.39848681968895,0.0,0.0,0.0,0.0,0.0,0.0,0.0,0.0
4_28,-12.985147431947684,-38.38950366684775,0.0,0.0,0.0,0.0,0.0,0.0,0.0,0.0
4_29,-12.985147431947684,-38.380520514006555,0.0,0.0,0.0,0.0,0.0,0.0,0.0,0.0
4_30,-12.985147431947684,-38.37153736116536,0.0,0.0,0.0,0.0,0.0,0.0,0.0,0.0
4_31,-12.985147431947684,-38.36255420832417,0.0,0.0,0.0,0.0,0.0,0.0,0.0,0.0
4_32,-12.985147431947684,-38.35357105548297,0.0,0.0,0.0,0.0,0.0,0.0,0.0,0.0
4_33,-12.985147431947684,-38.34458790264178,0.0,0.0,0.0,0.0,0.0,0.0,0.0,0.0
4_34,-12.985147431947684,-38.33560474980058,0.0,0.0,0.0,0.0,0.0,0.0,0.0,0.0
4_35,-12.985147431947684,-38.326621596959384,0.0,0.0,0.0,0.0,0.0,0.0,0.0,0.0
4_36,-12.985147431947684,-38.31763844411819,0.0,0.0,0.0,0.0,0.0,0.0,0.0,0.0
4_37,-12.985147431947684,-38.308655291277,0.0,0.0,0.0,0.0,0.0,0.0,0.0,0.0
5_0,-12.976164279106488,-38.69493086344839,0.0,0.0,0.0,0.0,0.0,0.0,0.0,0.0
5_1,-12.976164279106488,-38.685947710607195,0.0,0.0,0.0,0.0,0.0,0.0,0.0,0.0
5_2,-12.976164279106488,-38.676964557766,0.0,0.0,0.0,0.0,0.0,0.0,0.0,0.0
5_3,-12.976164279106488,-38.6679814049248,0.0,0.0,0.0,0.0,0.0,0.0,0.0,0.0
5_4,-12.976164279106488,-38.658998252083606,0.0,0.0,0.0,0.0,0.0,0.0,0.0,0.0
5_5,-12.976164279106488,-38.65001509924242,0.0,0.0,0.0,0.0,0.0,0.0,0.0,0.0
5_6,-12.976164279106488,-38.64103194640122,0.0,0.0,0.0,0.0,0.0,0.0,0.0,0.0
5_7,-12.976164279106488,-38.632048793560024,0.0,0.0,0.0,0.0,0.0,0.0,0.0,0.0
5_8,-12.976164279106488,-38.62306564071883,0.0,0.0,0.0,0.0,0.0,0.0,0.0,0.0
5_9,-12.976164279106488,-38.61408248787763,0.0,0.0,0.0,0.0,0.0,0.0,0.0,0.0
5_10,-12.976164279106488,-38.605099335036435,0.0,0.0,0.0,0.0,0.0,0.0,0.0,0.0
5_11,-12.976164279106488,-38.542217265148075,0.0,0.0,0.0,0.0,0.0,0.0,0.0,0.0
5_12,-12.976164279106488,-38.53323411230688,0.0,0.0,0.0,0.0,0.0,0.0,0.0,0.0
5_13,-12.976164279106488,-38.52425095946568,0.0,0.0,0.0,0.0,0.0,0.0,0.0,0.0
5_14,-12.976164279106488,-38.515267806624486,0.0,0.0,0.0,0.0,0.0,0.0,0.0,0.0
5_15,-12.976164279106488,-38.50628465378329,0.0,0.0,0.0,0.0,0.0,0.0,0.0,0.0
5_16,-12.976164279106488,-38.49730150094209,0.0,0.0,0.0,0.0,0.0,0.0,0.0,0.0
5_17,-12.976164279106488,-38.4883183481009,0.0,0.0,0.0,0.0,0.0,0.0,0.0,0.0
5_18,-12.976164279106488,-38.47933519525971,0.0,0.0,0.0,0.0,0.0,0.0,0.0,0.0
5_19,-12.976164279106488,-38.47035204241851,0.0,0.0,0.0,0.0,0.0,0.0,0.0,0.0
5_20,-12.976164279106488,-38.461368889577315,0.0,0.0,0.0,0.0,0.0,0.0,0.0,0.0
5_21,-12.976164279106488,-38.45238573673612,0.0,0.0,0.0,0.0,0.0,0.0,0.0,0.0
5_22,-12.976164279106488,-38.44340258389492,0.0,0.0,0.0,0.0,0.0,0.0,0.0,0.0
5_23,-12.976164279106488,-38.434419431053726,0.0,0.0,0.0,0.0,0.0,0.0,0.0,0.0
5_24,-12.976164279106488,-38.42543627821254,0.0,0.0,0.0,0.0,0.0,0.0,0.0,0.0
5_25,-12.976164279106488,-38.41645312537134,0.0,0.0,0.0,0.0,0.0,0.0,0.0,0.0
5_26,-12.976164279106488,-38.407469972530144,0.0,0.0,0.0,0.0,0.0,0.0,0.0,0.0
5_27,-12.976164279106488,-38.39848681968895,0.0,0.0,0.0,0.0,0.0,0.0,0.0,0.0
5_28,-12.976164279106488,-38.38950366684775,0.0,0.0,0.0,0.0,0.0,0.0,0.0,0.0
5_29,-12.976164279106488,-38.380520514006555,0.0,0.0,0.0,0.0,0.0,0.0,0.0,0.0
5_30,-12.976164279106488,-38.37153736116536,0.0,0.0,0.0,0.0,0.0,0.0,0.0,0.0
5_31,-12.976164279106488,-38.36255420832417,0.0,0.0,0.0,0.0,0.0,0.0,0.0,0.0
5_32,-12.976164279106488,-38.35357105548297,0.0,0.0,0.0,0.0,0.0,0.0,0.0,0.0
5_33,-12.976164279106488,-38.34458790264178,0.0,0.0,0.0,0.0,0.0,0.0,0.0,0.0
5_34,-12.976164279106488,-38.33560474980058,0.0,0.0,0.0,0.0,0.0,0.0,0.0,0.0
5_35,-12.976164279106488,-38.326621596959384,0.0,0.0,0.0,0.0,0.0,0.0,0.0,0.0
5_36,-12.976164279106488,-38.31763844411819,0.0,0.0,0.0,0.0,0.0,0.0,0.0,0.0
5_37,-12.976164279106488,-38.308655291277,0.0,0.0,0.0,0.0,0.0,0.0,0.0,0.0
6_0,-12.967181126265293,-38.69493086344839,0.0,0.0,0.0,0.0,0.0,0.0,0.0,0.0
6_1,-12.967181126265293,-38.685947710607195,0.0,0.0,0.0,0.0,0.0,0.0,0.0,0.0
6_2,-12.967181126265293,-38.676964557766,0.0,0.0,0.0,0.0,0.0,0.0,0.0,0.0
6_3,-12.967181126265293,-38.6679814049248,0.0,0.0,0.0,0.0,0.0,0.0,0.0,0.0
6_4,-12.967181126265293,-38.658998252083606,0.0,0.0,0.0,0.0,0.0,0.0,0.0,0.0
6_5,-12.967181126265293,-38.65001509924242,0.0,0.0,0.0,0.0,0.0,0.0,0.0,0.0
6_6,-12.967181126265293,-38.64103194640122,0.0,0.0,0.0,0.0,0.0,0.0,0.0,0.0
6_7,-12.967181126265293,-38.632048793560024,0.0,0.0,0.0,0.0,0.0,0.0,0.0,0.0
6_8,-12.967181126265293,-38.62306564071883,0.0,0.0,0.0,0.0,0.0,0.0,0.0,0.0
6_9,-12.967181126265293,-38.61408248787763,0.0,0.0,0.0,0.0,0.0,0.0,0.0,0.0
6_10,-12.967181126265293,-38.605099335036435,0.0,0.0,0.0,0.0,0.0,0.0,0.0,0.0
6_11,-12.967181126265293,-38.542217265148075,0.0,0.0,0.0,0.0,0.0,0.0,0.0,0.0
6_12,-12.967181126265293,-38.53323411230688,0.0,0.0,0.0,0.0,0.0,0.0,0.0,0.0
6_13,-12.967181126265293,-38.52425095946568,0.0,0.0,0.0,0.0,0.0,0.0,0.0,0.0
6_14,-12.967181126265293,-38.515267806624486,0.0,0.0,0.0,0.0,0.0,0.0,0.0,0.0
6_15,-12.967181126265293,-38.50628465378329,0.0,0.0,0.0,0.0,0.0,0.0,0.0,0.0
6_16,-12.967181126265293,-38.49730150094209,0.0,0.0,0.0,0.0,0.0,0.0,0.0,0.0
6_17,-12.967181126265293,-38.4883183481009,0.0,0.0,0.0,0.0,0.0,0.0,0.0,0.0
6_18,-12.967181126265293,-38.47933519525971,0.0,0.0,0.0,0.0,0.0,0.0,0.0,0.0
6_19,-12.967181126265293,-38.47035204241851,0.0,0.0,0.0,0.0,0.0,0.0,0.0,0.0
6_20,-12.967181126265293,-38.461368889577315,0.0,0.0,0.0,0.0,0.0,0.0,0.0,0.0
6_21,-12.967181126265293,-38.45238573673612,0.0,0.0,0.0,0.0,0.0,0.0,0.0,0.0
6_22,-12.967181126265293,-38.44340258389492,0.0,0.0,0.0,0.0,0.0,0.0,0.0,0.0
6_23,-12.967181126265293,-38.434419431053726,0.0,0.0,0.0,0.0,0.0,0.0,0.0,0.0
6_24,-12.967181126265293,-38.42543627821254,0.0,0.0,0.0,0.0,0.0,0.0,0.0,0.0
6_25,-12.967181126265293,-38.41645312537134,0.0,0.0,0.0,0.0,0.0,0.0,0.0,0.0
6_26,-12.967181126265293,-38.407469972530144,0.0,0.0,0.0,0.0,0.0,0.0,0.0,0.0
6_27,-12.967181126265293,-38.39848681968895,0.0,0.0,0.0,0.0,0.0,0.0,0.0,0.0
6_28,-12.967181126265293,-38.38950366684775,0.0,0.0,0.0,0.0,0.0,0.0,0.0,0.0
6_29,-12.967181126265293,-38.380520514006555,0.0,0.0,0.0,0.0,0.0,0.0,0.0,0.0
6_30,-12.967181126265293,-38.37153736116536,0.0,0.0,0.0,0.0,0.0,0.0,0.0,0.0
6_31,-12.967181126265293,-38.36255420832417,0.0,0.0,0.0,0.0,0.0,0.0,0.0,0.0
6_32,-12.967181126265293,-38.35357105548297,0.0,0.0,0.0,0.0,0.0,0.0,0.0,0.0
6_33,-12.967181126265293,-38.34458790264178,0.0,0.0,0.0,0.0,0.0,0.0,0.0,0.0
6_34,-12.967181126265293,-38.33560474980058,0.0,0.0,0.0,0.0,0.0,0.0,0.0,0.0
6_35,-12.967181126265293,-38.326621596959384,0.0,0.0,0.0,0.0,0.0,0.0,0.0,0.0
6_36,-12.967181126265293,-38.31763844411819,0.0,0.0,0.0,0.0,0.0,0.0,0.0,0.0
6_37,-12.967181126265293,-38.308655291277,0.0,0.0,0.0,0.0,0.0,0.0,0.0,0.0
7_0,-12.958197973424099,-38.69493086344839,0.0,0.0,0.0,0.0,0.0,0.0,0.0,0.0
7_1,-12.958197973424099,-38.685947710607195,0.0,0.0,0.0,0.0,0.0,0.0,0.0,0.0
7_2,-12.958197973424099,-38.676964557766,0.0,0.0,0.0,0.0,0.0,0.0,0.0,0.0
7_3,-12.958197973424099,-38.6679814049248,0.0,0.0,0.0,0.0,0.0,0.0,0.0,0.0
7_4,-12.958197973424099,-38.658998252083606,0.0,0.0,0.0,0.0,0.0,0.0,0.0,0.0
7_5,-12.958197973424099,-38.65001509924242,0.0,0.0,0.0,0.0,0.0,0.0,0.0,0.0
7_6,-12.958197973424099,-38.64103194640122,0.0,0.0,0.0,0.0,0.0,0.0,0.0,0.0
7_7,-12.958197973424099,-38.632048793560024,0.0,0.0,0.0,0.0,0.0,0.0,0.0,0.0
7_8,-12.958197973424099,-38.62306564071883,0.0,0.0,0.0,0.0,0.0,0.0,0.0,0.0
7_9,-12.958197973424099,-38.61408248787763,0.0,0.0,0.0,0.0,0.0,0.0,0.0,0.0
7_10,-12.958197973424099,-38.605099335036435,0.0,0.0,0.0,0.0,0.0,0.0,0.0,0.0
7_11,-12.958197973424099,-38.542217265148075,0.0,0.0,0.0,0.0,0.0,0.0,0.0,0.0
7_12,-12.958197973424099,-38.53323411230688,0.0,0.0,0.0,0.0,0.0,0.0,0.0,0.0
7_13,-12.958197973424099,-38.52425095946568,0.0,0.0,0.0,0.0,0.0,0.0,0.0,0.0
7_14,-12.958197973424099,-38.515267806624486,0.0,0.0,0.0,0.0,0.0,0.0,0.0,0.0
7_15,-12.958197973424099,-38.50628465378329,0.0,0.0,0.0,0.0,0.0,0.0,0.0,0.0
7_16,-12.958197973424099,-38.49730150094209,0.0,0.0,0.0,0.0,0.0,0.0,0.0,0.0
7_17,-12.958197973424099,-38.4883183481009,0.0,0.0,0.0,0.0,0.0,0.0,0.0,0.0
7_18,-12.958197973424099,-38.47933519525971,0.0,0.0,0.0,0.0,0.0,0.0,0.0,0.0
7_19,-12.958197973424099,-38.47035204241851,0.0,0.0,0.0,0.0,0.0,0.0,0.0,0.0
7_20,-12.958197973424099,-38.461368889577315,0.0,0.0,0.0,0.0,0.0,0.0,0.0,0.0
7_21,-12.958197973424099,-38.45238573673612,0.0,0.0,0.0,0.0,0.0,0.0,0.0,0.0
7_22,-12.958197973424099,-38.44340258389492,0.0,0.0,0.0,0.0,0.0,0.0,0.0,0.0
7_23,-12.958197973424099,-38.434419431053726,0.0,0.0,0.0,0.0,0.0,0.0,0.0,0.0
7_24,-12.958197973424099,-38.42543627821254,0.0,0.0,0.0,0.0,0.0,0.0,0.0,0.0
7_25,-12.958197973424099,-38.41645312537134,0.0,0.0,0.0,0.0,0.0,0.0,0.0,0.0
7_26,-12.958197973424099,-38.407469972530144,0.0,0.0,0.0,0.0,0.0,0.0,0.0,0.0
7_27,-12.958197973424099,-38.39848681968895,0.0,0.0,0.0,0.0,0.0,0.0,0.0,0.0
7_28,-12.958197973424099,-38.38950366684775,0.0,0.0,0.0,0.0,0.0,0.0,0.0,0.0
7_29,-12.958197973424099,-38.380520514006555,0.0,0.0,0.0,0.0,0.0,0.0,0.0,0.0
7_30,-12.958197973424099,-38.37153736116536,0.0,0.0,0.0,0.0,0.0,0.0,0.0,0.0
7_31,-12.958197973424099,-38.36255420832417,0.0,0.0,0.0,0.0,0.0,0.0,0.0,0.0
7_32,-12.958197973424099,-38.35357105548297,0.0,0.0,0.0,0.0,0.0,0.0,0.0,0.0
7_33,-12.958197973424099,-38.34458790264178,0.0,0.0,0.0,0.0,0.0,0.0,0.0,0.0
7_34,-12.958197973424099,-38.33560474980058,0.0,0.0,0.0,0.0,0.0,0.0,0.0,0.0
7_35,-12.958197973424099,-38.326621596959384,0.0,0.0,0.0,0.0,0.0,0.0,0.0,0.0
7_36,-12.958197973424099,-38.31763844411819,0.0,0.0,0.0,0.0,0.0,0.0,0.0,0.0
7_37,-12.958197973424099,-38.308655291277,0.0,0.0,0.0,0.0,0.0,0.0,0.0,0.0
8_0,-12.949214820582903,-38.69493086344839,0.0,0.0,0.0,0.0,0.0,0.0,0.0,0.0
8_1,-12.949214820582903,-38.685947710607195,0.0,0.0,0.0,0.0,0.0,0.0,0.0,0.0
8_2,-12.949214820582903,-38.676964557766,0.0,0.0,0.0,0.0,0.0,0.0,0.0,0.0
8_3,-12.949214820582903,-38.6679814049248,0.0,0.0,0.0,0.0,0.0,0.0,0.0,0.0
8_4,-12.949214820582903,-38.658998252083606,0.0,0.0,0.0,0.0,0.0,0.0,0.0,0.0
8_5,-12.949214820582903,-38.65001509924242,0.0,0.0,0.0,0.0,0.0,0.0,0.0,0.0
8_6,-12.949214820582903,-38.64103194640122,0.0,0.0,0.0,0.0,0.0,0.0,0.0,0.0
8_7,-12.949214820582903,-38.632048793560024,0.0,0.0,0.0,0.0,0.0,0.0,0.0,0.0
8_8,-12.949214820582903,-38.62306564071883,0.0,0.0,0.0,0.0,0.0,0.0,0.0,0.0
8_9,-12.949214820582903,-38.61408248787763,0.0,0.0,0.0,0.0,0.0,0.0,0.0,0.0
8_10,-12.949214820582903,-38.605099335036435,0.0,0.0,0.0,0.0,0.0,0.0,0.0,0.0
8_11,-12.949214820582903,-38.542217265148075,0.0,0.0,0.0,0.0,0.0,0.0,0.0,0.0
8_12,-12.949214820582903,-38.53323411230688,0.0,0.0,0.0,0.0,0.0,0.0,0.0,0.0
8_13,-12.949214820582903,-38.52425095946568,0.0,0.0,0.0,0.0,0.0,0.0,0.0,0.0
8_14,-12.949214820582903,-38.515267806624486,0.0,0.0,0.0,0.0,0.0,0.0,0.0,0.0
8_15,-12.949214820582903,-38.50628465378329,0.0,0.0,0.0,0.0,0.0,0.0,0.0,0.0
8_16,-12.949214820582903,-38.49730150094209,0.0,0.0,0.0,0.0,0.0,0.0,0.0,0.0
8_17,-12.949214820582903,-38.4883183481009,0.0,0.0,0.0,0.0,0.0,0.0,0.0,0.0
8_18,-12.949214820582903,-38.47933519525971,0.0,0.0,0.0,0.0,0.0,0.0,0.0,0.0
8_19,-12.949214820582903,-38.47035204241851,0.0,0.0,0.0,0.0,0.0,0.0,0.0,0.0
8_20,-12.949214820582903,-38.461368889577315,0.0,0.0,0.0,0.0,0.0,0.0,0.0,0.0
8_21,-12.949214820582903,-38.45238573673612,0.0,0.0,0.0,0.0,0.0,0.0,0.0,0.0
8_22,-12.949214820582903,-38.44340258389492,0.0,0.0,0.0,0.0,0.0,0.0,0.0,0.0
8_23,-12.949214820582903,-38.434419431053726,0.0,0.0,0.0,0.0,0.0,0.0,0.0,0.0
8_24,-12.949214820582903,-38.42543627821254,0.0,0.0,0.0,0.0,0.0,0.0,0.0,0.0
8_25,-12.949214820582903,-38.41645312537134,0.0,0.0,0.0,0.0,0.0,0.0,0.0,0.0
8_26,-12.949214820582903,-38.407469972530144,0.0,0.0,0.0,0.0,0.0,0.0,0.0,0.0
8_27,-12.949214820582903,-38.39848681968895,0.0,0.0,0.0,0.0,0.0,0.0,0.0,0.0
8_28,-12.949214820582903,-38.38950366684775,0.0,0.0,0.0,0.0,0.0,0.0,0.0,0.0
8_29,-12.949214820582903,-38.380520514006555,0.0,0.0,0.0,0.0,0.0,0.0,0.0,0.0
8_30,-12.949214820582903,-38.37153736116536,0.0,0.0,0.0,0.0,0.0,0.0,0.0,0.0
8_31,-12.949214820582903,-38.36255420832417,0.0,0.0,0.0,0.0,0.0,0.0,0.0,0.0
8_32,-12.949214820582903,-38.35357105548297,0.0,0.0,0.0,0.0,0.0,0.0,0.0,0.0
8_33,-12.949214820582903,-38.34458790264178,0.0,0.0,0.0,0.0,0.0,0.0,0.0,0.0
8_34,-12.949214820582903,-38.33560474980058,0.0,0.0,0.0,0.0,0.0,0.0,0.0,0.0
8_35,-12.949214820582903,-38.326621596959384,0.0,0.0,0.0,0.0,0.0,0.0,0.0,0.0
8_36,-12.949214820582903,-38.31763844411819,0.0,0.0,0.0,0.0,0.0,0.0,0.0,0.0
8_37,-12.949214820582903,-38.308655291277,0.0,0.0,0.0,0.0,0.0,0.0,0.0,0.0
9_0,-12.940231667741708,-38.69493086344839,0.0,0.0,0.0,0.0,0.0,0.0,0.0,0.0
9_1,-12.940231667741708,-38.685947710607195,0.0,0.0,0.0,0.0,0.0,0.0,0.0,0.0
9_2,-12.940231667741708,-38.676964557766,0.0,0.0,0.0,0.0,0.0,0.0,0.0,0.0
9_3,-12.940231667741708,-38.6679814049248,0.0,0.0,0.0,0.0,0.0,0.0,0.0,0.0
9_4,-12.940231667741708,-38.658998252083606,0.0,0.0,0.0,0.0,0.0,0.0,0.0,0.0
9_5,-12.940231667741708,-38.65001509924242,0.0,0.0,0.0,0.0,0.0,0.0,0.0,0.0
9_6,-12.940231667741708,-38.64103194640122,0.0,0.0,0.0,0.0,0.0,0.0,0.0,0.0
9_7,-12.940231667741708,-38.632048793560024,0.0,0.0,0.0,0.0,0.0,0.0,0.0,0.0
9_8,-12.940231667741708,-38.62306564071883,0.0,0.0,0.0,0.0,0.0,0.0,0.0,0.0
9_9,-12.940231667741708,-38.61408248787763,0.0,0.0,0.0,0.0,0.0,0.0,0.0,0.0
9_10,-12.940231667741708,-38.605099335036435,0.0,0.0,0.0,0.0,0.0,0.0,0.0,0.0
9_11,-12.940231667741708,-38.542217265148075,0.0,0.0,0.0,0.0,0.0,0.0,0.0,0.0
9_12,-12.940231667741708,-38.53323411230688,0.0,0.0,0.0,0.0,0.0,0.0,0.0,0.0
9_13,-12.940231667741708,-38.52425095946568,0.0,0.0,0.0,0.0,0.0,0.0,0.0,0.0
9_14,-12.940231667741708,-38.515267806624486,0.0,0.0,0.0,0.0,0.0,0.0,0.0,0.0
9_15,-12.940231667741708,-38.50628465378329,0.0,0.0,0.0,0.0,0.0,0.0,0.0,0.0
9_16,-12.940231667741708,-38.49730150094209,0.0,0.0,0.0,0.0,0.0,0.0,0.0,0.0
9_17,-12.940231667741708,-38.4883183481009,0.0,0.0,0.0,0.0,0.0,0.0,0.0,0.0
9_18,-12.940231667741708,-38.47933519525971,0.0,0.0,0.0,0.0,0.0,0.0,0.0,0.0
9_19,-12.940231667741708,-38.47035204241851,0.0,0.0,0.0,0.0,0.0,0.0,0.0,0.0
9_20,-12.940231667741708,-38.461368889577315,0.0,0.0,0.0,0.0,0.0,0.0,0.0,0.0
9_21,-12.940231667741708,-38.45238573673612,0.0,0.0,0.0,0.0,0.0,0.0,0.0,0.0
9_22,-12.940231667741708,-38.44340258389492,0.0,0.0,0.0,0.0,0.0,0.0,0.0,0.0
9_23,-12.940231667741708,-38.434419431053726,0.0,0.0,0.0,0.0,0.0,0.0,0.0,0.0
9_24,-12.940231667741708,-38.42543627821254,0.0,0.0,0.0,0.0,0.0,0.0,0.0,0.0
9_25,-12.940231667741708,-38.41645312537134,0.0,0.0,0.0,0.0,0.0,0.0,0.0,0.0
9_26,-12.940231667741708,-38.407469972530144,0.0,0.0,0.0,0.0,0.0,0.0,0.0,0.0
9_27,-12.940231667741708,-38.39848681968895,0.0,0.0,0.0,0.0,0.0,0.0,0.0,0.0
9_28,-12.940231667741708,-38.38950366684775,0.0,0.0,0.0,0.0,0.0,0.0,0.0,0.0
9_29,-12.940231667741708,-38.380520514006555,0.0,0.0,0.0,0.0,0.0,0.0,0.0,0.0
9_30,-12.940231667741708,-38.37153736116536,0.0,0.0,0.0,0.0,0.0,0.0,0.0,0.0
9_31,-12.940231667741708,-38.36255420832417,0.0,0.0,0.0,0.0,0.0,0.0,0.0,0.0
9_32,-12.940231667741708,-38.35357105548297,0.0,0.0,0.0,0.0,0.0,0.0,0.0,0.0
9_33,-12.940231667741708,-38.34458790264178,0.0,0.0,0.0,0.0,0.0,0.0,0.0,0.0
9_34,-12.940231667741708,-38.33560474980058,0.0,0.0,0.0,0.0,0.0,0.0,0.0,0.0
9_35,-12.940231667741708,-38.326621596959384,0.0,0.0,0.0,0.0,0.0,0.0,0.0,0.0
9_36,-12.940231667741708,-38.31763844411819,0.0,0.0,0.0,0.0,0.0,0.0,0.0,0.0
9_37,-12.940231667741708,-38.308655291277,0.0,0.0,0.0,0.0,0.0,0.0,0.0,0.0
10_0,-12.931248514900513,-38.69493086344839,0.0,0.0,0.0,0.0,0.0,0.0,0.0,0.0
10_1,-12.931248514900513,-38.685947710607195,0.0,0.0,0.0,0.0,0.0,0.0,0.0,0.0
10_2,-12.931248514900513,-38.676964557766,0.0,0.0,0.0,0.0,0.0,0.0,0.0,0.0
10_3,-12.931248514900513,-38.6679814049248,0.0,0.0,0.0,0.0,0.0,0.0,0.0,0.0
10_4,-12.931248514900513,-38.658998252083606,0.0,0.0,0.0,0.0,0.0,0.0,0.0,0.0
10_5,-12.931248514900513,-38.65001509924242,0.0,0.0,0.0,0.0,0.0,0.0,0.0,0.0
10_6,-12.931248514900513,-38.64103194640122,0.0,0.0,0.0,0.0,0.0,0.0,0.0,0.0
10_7,-12.931248514900513,-38.632048793560024,0.0,0.0,0.0,0.0,0.0,0.0,0.0,0.0
10_8,-12.931248514900513,-38.62306564071883,0.0,0.0,0.0,0.0,0.0,0.0,0.0,0.0
10_9,-12.931248514900513,-38.61408248787763,0.0,0.0,0.0,0.0,0.0,0.0,0.0,0.0
10_10,-12.931248514900513,-38.605099335036435,0.0,0.0,0.0,0.0,0.0,0.0,0.0,0.0
10_11,-12.931248514900513,-38.542217265148075,0.0,0.0,0.0,0.0,0.0,0.0,0.0,0.0
10_12,-12.931248514900513,-38.53323411230688,0.0,0.0,0.0,0.0,0.0,0.0,0.0,0.0
10_13,-12.931248514900513,-38.52425095946568,0.0,0.0,0.0,0.0,0.0,0.0,0.0,0.0
10_14,-12.931248514900513,-38.515267806624486,0.0,0.0,0.0,0.0,0.0,0.0,0.0,0.0
10_15,-12.931248514900513,-38.50628465378329,0.0,0.0,0.0,0.0,0.0,0.0,0.0,0.0
10_16,-12.931248514900513,-38.49730150094209,0.0,0.0,0.0,0.0,0.0,0.0,0.0,0.0
10_17,-12.931248514900513,-38.4883183481009,0.0,0.0,0.0,0.0,0.0,0.0,0.0,0.0
10_18,-12.931248514900513,-38.47933519525971,0.0,0.0,0.0,0.0,0.0,0.0,0.0,0.0
10_19,-12.931248514900513,-38.47035204241851,0.0,0.0,0.0,0.0,0.0,0.0,0.0,0.0
10_20,-12.931248514900513,-38.461368889577315,0.0,0.0,0.0,0.0,0.0,0.0,0.0,0.0
10_21,-12.931248514900513,-38.45238573673612,0.0,0.0,0.0,0.0,0.0,0.0,0.0,0.0
10_22,-12.931248514900513,-38.44340258389492,0.0,0.0,0.0,0.0,0.0,0.0,0.0,0.0
10_23,-12.931248514900513,-38.434419431053726,0.0,0.0,0.0,0.0,0.0,0.0,0.0,0.0
10_24,-12.931248514900513,-38.42543627821254,0.0,0.0,0.0,0.0,0.0,0.0,0.0,0.0
10_25,-12.931248514900513,-38.41645312537134,0.0,0.0,0.0,0.0,0.0,0.0,0.0,0.0
10_26,-12.931248514900513,-38.407469972530144,0.0,0.0,0.0,0.0,0.0,0.0,0.0,0.0
10_27,-12.931248514900513,-38.39848681968895,0.0,0.0,0.0,0.0,0.0,0.0,0.0,0.0
10_28,-12.931248514900513,-38.38950366684775,0.0,0.0,0.0,0.0,0.0,0.0,0.0,0.0
10_29,-12.931248514900513,-38.380520514006555,0.0,0.0,0.0,0.0,0.0,0.0,0.0,0.0
10_30,-12.931248514900513,-38.37153736116536,0.0,0.0,0.0,0.0,0.0,0.0,0.0,0.0
10_31,-12.931248514900513,-38.36255420832417,0.0,0.0,0.0,0.0,0.0,0.0,0.0,0.0
10_32,-12.931248514900513,-38.35357105548297,0.0,0.0,0.0,0.0,0.0,0.0,0.0,0.0
10_33,-12.931248514900513,-38.34458790264178,0.0,0.0,0.0,0.0,0.0,0.0,0.0,0.0
10_34,-12.931248514900513,-38.33560474980058,0.0,0.0,0.0,0.0,0.0,0.0,0.0,0.0
10_35,-12.931248514900513,-38.326621596959384,0.0,0.0,0.0,0.0,0.0,0.0,0.0,0.0
10_36,-12.931248514900513,-38.31763844411819,0.0,0.0,0.0,0.0,0.0,0.0,0.0,0.0
10_37,-12.931248514900513,-38.308655291277,0.0,0.0,0.0,0.0,0.0,0.0,0.0,0.0
11_0,-12.922265362059317,-38.69493086344839,0.0,0.0,0.0,0.0,0.0,0.0,0.0,0.0
11_1,-12.922265362059317,-38.685947710607195,0.0,0.0,0.0,0.0,0.0,0.0,0.0,0.0
11_2,-12.922265362059317,-38.676964557766,0.0,0.0,0.0,0.0,0.0,0.0,0.0,0.0
11_3,-12.922265362059317,-38.6679814049248,0.0,0.0,0.0,0.0,0.0,0.0,0.0,0.0
11_4,-12.922265362059317,-38.658998252083606,0.0,0.0,0.0,0.0,0.0,0.0,0.0,0.0
11_5,-12.922265362059317,-38.65001509924242,0.0,0.0,0.0,0.0,0.0,0.0,0.0,0.0
11_6,-12.922265362059317,-38.64103194640122,0.0,0.0,0.0,0.0,0.0,0.0,0.0,0.0
11_7,-12.922265362059317,-38.632048793560024,0.0,0.0,0.0,0.0,0.0,0.0,0.0,0.0
11_8,-12.922265362059317,-38.62306564071883,0.0,0.0,0.0,0.0,0.0,0.0,0.0,0.0
11_9,-12.922265362059317,-38.61408248787763,0.0,0.0,0.0,0.0,0.0,0.0,0.0,0.0
11_10,-12.922265362059317,-38.605099335036435,0.0,0.0,0.0,0.0,0.0,0.0,0.0,0.0
11_11,-12.922265362059317,-38.542217265148075,0.0,0.0,0.0,0.0,0.0,0.0,0.0,0.0
11_12,-12.922265362059317,-38.53323411230688,0.0,0.0,0.0,0.0,0.0,0.0,0.0,0.0
11_13,-12.922265362059317,-38.52425095946568,0.0,0.0,0.0,0.0,0.0,0.0,0.0,0.0
11_14,-12.922265362059317,-38.515267806624486,0.0,0.0,0.0,0.0,0.0,0.0,0.0,0.0
11_15,-12.922265362059317,-38.50628465378329,0.0,0.0,0.0,0.0,0.0,0.0,0.0,0.0
11_16,-12.922265362059317,-38.49730150094209,0.0,0.0,0.0,0.0,0.0,0.0,0.0,0.0
11_17,-12.922265362059317,-38.4883183481009,0.0,0.0,0.0,0.0,0.0,0.0,0.0,0.0
11_18,-12.922265362059317,-38.47933519525971,0.0,0.0,0.0,0.0,0.0,0.0,0.0,0.0
11_19,-12.922265362059317,-38.47035204241851,0.0,0.0,0.0,0.0,0.0,0.0,0.0,0.0
11_20,-12.922265362059317,-38.461368889577315,0.0,0.0,0.0,0.0,0.0,0.0,0.0,0.0
11_21,-12.922265362059317,-38.45238573673612,0.0,0.0,0.0,0.0,0.0,0.0,0.0,0.0
11_22,-12.922265362059317,-38.44340258389492,0.0,0.0,0.0,0.0,0.0,0.0,0.0,0.0
11_23,-12.922265362059317,-38.434419431053726,0.0,0.0,0.0,0.0,0.0,0.0,0.0,0.0
11_24,-12.922265362059317,-38.42543627821254,0.0,0.0,0.0,0.0,0.0,0.0,0.0,0.0
11_25,-12.922265362059317,-38.41645312537134,0.0,0.0,0.0,0.0,0.0,0.0,0.0,0.0
11_26,-12.922265362059317,-38.407469972530144,0.0,0.0,0.0,0.0,0.0,0.0,0.0,0.0
11_27,-12.922265362059317,-38.39848681968895,0.0,0.0,0.0,0.0,0.0,0.0,0.0,0.0
11_28,-12.922265362059317,-38.38950366684775,0.0,0.0,0.0,0.0,0.0,0.0,0.0,0.0
11_29,-12.922265362059317,-38.380520514006555,0.0,0.0,0.0,0.0,0.0,0.0,0.0,0.0
11_30,-12.922265362059317,-38.37153736116536,0.0,0.0,0.0,0.0,0.0,0.0,0.0,0.0
11_31,-12.922265362059317,-38.36255420832417,0.0,0.0,0.0,0.0,0.0,0.0,0.0,0.0
11_32,-12.922265362059317,-38.35357105548297,0.0,0.0,0.0,0.0,0.0,0.0,0.0,0.0
11_33,-12.922265362059317,-38.34458790264178,0.0,0.0,0.0,0.0,0.0,0.0,0.0,0.0
11_34,-12.922265362059317,-38.33560474980058,0.0,0.0,0.0,0.0,0.0,0.0,0.0,0.0
11_35,-12.922265362059317,-38.326621596959384,0.0,0.0,0.0,0.0,0.0,0.0,0.0,0.0
11_36,-12.922265362059317,-38.31763844411819,0.0,0.0,0.0,0.0,0.0,0.0,0.0,0.0
11_37,-12.922265362059317,-38.308655291277,0.0,0.0,0.0,0.0,0.0,0.0,0.0,0.0
12_0,-12.913282209218123,-38.69493086344839,0.0,0.0,0.0,0.0,0.0,0.0,0.0,0.0
12_1,-12.913282209218123,-38.685947710607195,0.0,0.0,0.0,0.0,0.0,0.0,0.0,0.0
12_2,-12.913282209218123,-38.676964557766,0.0,0.0,0.0,0.0,0.0,0.0,0.0,0.0
12_3,-12.913282209218123,-38.6679814049248,0.0,0.0,0.0,0.0,0.0,0.0,0.0,0.0
12_4,-12.913282209218123,-38.658998252083606,0.0,0.0,0.0,0.0,0.0,0.0,0.0,0.0
12_5,-12.913282209218123,-38.65001509924242,0.0,0.0,0.0,0.0,0.0,0.0,0.0,0.0
12_6,-12.913282209218123,-38.64103194640122,0.0,0.0,0.0,0.0,0.0,0.0,0.0,0.0
12_7,-12.913282209218123,-38.632048793560024,0.0,0.0,0.0,0.0,0.0,0.0,0.0,0.0
12_8,-12.913282209218123,-38.62306564071883,0.0,0.0,0.0,0.0,0.0,0.0,0.0,0.0
12_9,-12.913282209218123,-38.61408248787763,0.0,0.0,0.0,0.0,0.0,0.0,0.0,0.0
12_10,-12.913282209218123,-38.605099335036435,0.0,0.0,0.0,0.0,0.0,0.0,0.0,0.0
12_11,-12.913282209218123,-38.542217265148075,0.0,0.0,0.0,0.0,0.0,0.0,0.0,0.0
12_12,-12.913282209218123,-38.53323411230688,0.0,0.0,0.0,0.0,0.0,0.0,0.0,0.0
12_13,-12.913282209218123,-38.52425095946568,0.0,0.0,0.0,0.0,0.0,0.0,0.0,0.0
12_14,-12.913282209218123,-38.515267806624486,0.0,0.0,0.0,0.0,0.0,0.0,0.0,0.0
12_15,-12.913282209218123,-38.50628465378329,0.0,0.0,0.0,0.0,0.0,0.0,0.0,0.0
12_16,-12.913282209218123,-38.49730150094209,0.0,0.0,0.0,0.0,0.0,0.0,0.0,0.0
12_17,-12.913282209218123,-38.4883183481009,0.0,0.0,0.0,0.0,0.0,0.0,0.0,0.0
12_18,-12.913282209218123,-38.47933519525971,0.0,0.0,0.0,0.0,0.0,0.0,0.0,0.0
12_19,-12.913282209218123,-38.47035204241851,0.0,0.0,0.0,0.0,0.0,0.0,0.0,0.0
12_20,-12.913282209218123,-38.461368889577315,0.0,0.0,0.0,0.0,0.0,0.0,0.0,0.0
12_21,-12.913282209218123,-38.45238573673612,0.0,0.0,0.0,0.0,0.0,0.0,0.0,0.0
12_22,-12.913282209218123,-38.44340258389492,0.0,0.0,0.0,0.0,0.0,0.0,0.0,0.0
12_23,-12.913282209218123,-38.434419431053726,0.0,0.0,0.0,0.0,0.0,0.0,0.0,0.0
12_24,-12.913282209218123,-38.42543627821254,0.0,0.0,0.0,0.0,0.0,0.0,0.0,0.0
12_25,-12.913282209218123,-38.41645312537134,0.0,0.0,0.0,0.0,0.0,0.0,0.0,0.0
12_26,-12.913282209218123,-38.407469972530144,0.0,0.0,0.0,0.0,0.0,0.0,0.0,0.0
12_27,-12.913282209218123,-38.39848681968895,0.0,0.0,0.0,0.0,0.0,0.0,0.0,0.0
12_28,-12.913282209218123,-38.38950366684775,0.0,0.0,0.0,0.0,0.0,0.0,0.0,0.0
12_29,-12.913282209218123,-38.380520514006555,0.0,0.0,0.0,0.0,0.0,0.0,0.0,0.0
12_30,-12.913282209218123,-38.37153736116536,0.0,0.0,0.0,0.0,0.0,0.0,0.0,0.0
12_31,-12.913282209218123,-38.36255420832417,0.0,0.0,0.0,0.0,0.0,0.0,0.0,0.0
12_32,-12.913282209218123,-38.35357105548297,0.0,0.0,0.0,0.0,0.0,0.0,0.0,0.0
12_33,-12.913282209218123,-38.34458790264178,0.0,0.0,0.0,0.0,0.0,0.0,0.0,0.0
12_34,-12.913282209218123,-38.33560474980058,0.0,0.0,0.0,0.0,0.0,0.0,0.0,0.0
12_35,-12.913282209218123,-38.326621596959384,0.0,0.0,0.0,0.0,0.0,0.0,0.0,0.0
12_36,-12.913282209218123,-38.31763844411819,0.0,0.0,0.0,0.0,0.0,0.0,0.0,0.0
12_37,-12.913282209218123,-38.308655291277,0.0,0.0,0.0,0.0,0.0,0.0,0.0,0.0
13_0,-12.904299056376926,-38.69493086344839,0.0,0.0,0.0,0.0,0.0,0.0,0.0,0.0
13_1,-12.904299056376926,-38.685947710607195,0.0,0.0,0.0,0.0,0.0,0.0,0.0,0.0
13_2,-12.904299056376926,-38.676964557766,0.0,0.0,0.0,0.0,0.0,0.0,0.0,0.0
13_3,-12.904299056376926,-38.6679814049248,0.0,0.0,0.0,0.0,0.0,0.0,0.0,0.0
13_4,-12.904299056376926,-38.658998252083606,0.0,0.0,0.0,0.0,0.0,0.0,0.0,0.0
13_5,-12.904299056376926,-38.65001509924242,0.0,0.0,0.0,0.0,0.0,0.0,0.0,0.0
13_6,-12.904299056376926,-38.64103194640122,0.0,0.0,0.0,0.0,0.0,0.0,0.0,0.0
13_7,-12.904299056376926,-38.632048793560024,0.0,0.0,0.0,0.0,0.0,0.0,0.0,0.0
13_8,-12.904299056376926,-38.62306564071883,0.0,0.0,0.0,0.0,0.0,0.0,0.0,0.0
13_9,-12.904299056376926,-38.61408248787763,0.0,0.0,0.0,0.0,0.0,0.0,0.0,0.0
13_10,-12.904299056376926,-38.605099335036435,0.0,0.0,0.0,0.0,0.0,0.0,0.0,0.0
13_11,-12.904299056376926,-38.542217265148075,0.0,0.0,0.0,0.0,0.0,0.0,0.0,0.0
13_12,-12.904299056376926,-38.53323411230688,0.0,0.0,0.0,0.0,0.0,0.0,0.0,0.0
13_13,-12.904299056376926,-38.52425095946568,0.0,0.0,0.0,0.0,0.0,0.0,0.0,0.0
13_14,-12.904299056376926,-38.515267806624486,0.0,0.0,0.0,0.0,0.0,0.0,0.0,0.0
13_15,-12.904299056376926,-38.50628465378329,0.0,0.0,0.0,0.0,0.0,0.0,0.0,0.0
13_16,-12.904299056376926,-38.49730150094209,0.0,0.0,0.0,0.0,0.0,0.0,0.0,0.0
13_17,-12.904299056376926,-38.4883183481009,0.0,0.0,0.0,0.0,0.0,0.0,0.0,0.0
13_18,-12.904299056376926,-38.47933519525971,0.0,0.0,0.0,0.0,0.0,0.0,0.0,0.0
13_19,-12.904299056376926,-38.47035204241851,0.0,0.0,0.0,0.0,0.0,0.0,0.0,0.0
13_20,-12.904299056376926,-38.461368889577315,0.0,0.0,0.0,0.0,0.0,0.0,0.0,0.0
13_21,-12.904299056376926,-38.45238573673612,0.0,0.0,0.0,0.0,0.0,0.0,0.0,0.0
13_22,-12.904299056376926,-38.44340258389492,0.0,0.0,0.0,0.0,0.0,0.0,0.0,0.0
13_23,-12.904299056376926,-38.434419431053726,0.0,0.0,0.0,0.0,0.0,0.0,0.0,0.0
13_24,-12.904299056376926,-38.42543627821254,0.0,0.0,0.0,0.0,0.0,0.0,0.0,0.0
13_25,-12.904299056376926,-38.41645312537134,0.0,0.0,0.0,0.0,0.0,0.0,0.0,0.0
13_26,-12.904299056376926,-38.407469972530144,0.0,0.0,0.0,0.0,0.0,0.0,0.0,0.0
13_27,-12.904299056376926,-38.39848681968895,0.0,0.0,0.0,0.0,0.0,0.0,0.0,0.0
13_28,-12.904299056376926,-38.38950366684775,0.0,0.0,0.0,0.0,0.0,0.0,0.0,0.0
13_29,-12.904299056376926,-38.380520514006555,0.0,0.0,0.0,0.0,0.0,0.0,0.0,0.0
13_30,-12.904299056376926,-38.37153736116536,0.0,0.0,0.0,0.0,0.0,0.0,0.0,0.0
13_31,-12.904299056376926,-38.36255420832417,0.0,0.0,0.0,0.0,0.0,0.0,0.0,0.0
13_32,-12.904299056376926,-38.35357105548297,0.0,0.0,0.0,0.0,0.0,0.0,0.0,0.0
13_33,-12.904299056376926,-38.34458790264178,0.0,0.0,0.0,0.0,0.0,0.0,0.0,0.0
13_34,-12.904299056376926,-38.33560474980058,0.0,0.0,0.0,0.0,0.0,0.0,0.0,0.0
13_35,-12.904299056376926,-38.326621596959384,0.0,0.0,0.0,0.0,0.0,0.0,0.0,0.0
13_36,-12.904299056376926,-38.31763844411819,0.0,0.0,0.0,0.0,0.0,0.0,0.0,0.0
13_37,-12.904299056376926,-38.308655291277,0.0,0.0,0.0,0.0,0.0,0.0,0.0,0.0
14_0,-12.895315903535732,-38.69493086344839,0.0,0.0,0.0,0.0,0.0,0.0,0.0,0.0
14_1,-12.895315903535732,-38.685947710607195,0.0,0.0,0.0,0.0,0.0,0.0,0.0,0.0
14_2,-12.895315903535732,-38.676964557766,0.0,0.0,0.0,0.0,0.0,0.0,0.0,0.0
14_3,-12.895315903535732,-38.6679814049248,0.0,0.0,0.0,0.0,0.0,0.0,0.0,0.0
14_4,-12.895315903535732,-38.658998252083606,0.0,0.0,0.0,0.0,0.0,0.0,0.0,0.0
14_5,-12.895315903535732,-38.65001509924242,0.0,0.0,0.0,0.0,0.0,0.0,0.0,0.0
14_6,-12.895315903535732,-38.64103194640122,0.0,0.0,0.0,0.0,0.0,0.0,0.0,0.0
14_7,-12.895315903535732,-38.632048793560024,0.0,0.0,0.0,0.0,0.0,0.0,0.0,0.0
14_8,-12.895315903535732,-38.62306564071883,0.0,0.0,0.0,0.0,0.0,0.0,0.0,0.0
14_9,-12.895315903535732,-38.61408248787763,0.0,0.0,0.0,0.0,0.0,0.0,0.0,0.0
14_10,-12.895315903535732,-38.605099335036435,0.0,0.0,0.0,0.0,0.0,0.0,0.0,0.0
14_11,-12.895315903535732,-38.542217265148075,0.0,0.0,0.0,0.0,0.0,0.0,0.0,0.0
14_12,-12.895315903535732,-38.53323411230688,0.0,0.0,0.0,0.0,0.0,0.0,0.0,0.0
14_13,-12.895315903535732,-38.52425095946568,0.0,0.0,0.0,0.0,0.0,0.0,0.0,0.0
14_14,-12.895315903535732,-38.515267806624486,0.0,0.0,0.0,0.0,0.0,0.0,0.0,0.0
14_15,-12.895315903535732,-38.50628465378329,0.0,0.0,0.0,0.0,0.0,0.0,0.0,0.0
14_16,-12.895315903535732,-38.49730150094209,0.0,0.0,0.0,0.0,0.0,0.0,0.0,0.0
14_17,-12.895315903535732,-38.4883183481009,0.0,0.0,0.0,0.0,0.0,0.0,0.0,0.0
14_18,-12.895315903535732,-38.47933519525971,0.0,0.0,0.0,0.0,0.0,0.0,0.0,0.0
14_19,-12.895315903535732,-38.47035204241851,0.0,0.0,0.0,0.0,0.0,0.0,0.0,0.0
14_20,-12.895315903535732,-38.461368889577315,0.0,0.0,0.0,0.0,0.0,0.0,0.0,0.0
14_21,-12.895315903535732,-38.45238573673612,0.0,0.0,0.0,0.0,0.0,0.0,0.0,0.0
14_22,-12.895315903535732,-38.44340258389492,0.0,0.0,0.0,0.0,0.0,0.0,0.0,0.0
14_23,-12.895315903535732,-38.434419431053726,0.0,0.0,0.0,0.0,0.0,0.0,0.0,0.0
14_24,-12.895315903535732,-38.42543627821254,0.0,0.0,0.0,0.0,0.0,0.0,0.0,0.0
14_25,-12.895315903535732,-38.41645312537134,0.0,0.0,0.0,0.0,0.0,0.0,0.0,0.0
14_26,-12.895315903535732,-38.407469972530144,0.0,0.0,0.0,0.0,0.0,0.0,0.0,0.0
14_27,-12.895315903535732,-38.39848681968895,0.0,0.0,0.0,0.0,0.0,0.0,0.0,0.0
14_28,-12.895315903535732,-38.38950366684775,0.0,0.0,0.0,0.0,0.0,0.0,0.0,0.0
14_29,-12.895315903535732,-38.380520514006555,0.0,0.0,0.0,0.0,0.0,0.0,0.0,0.0
14_30,-12.895315903535732,-38.37153736116536,0.0,0.0,0.0,0.0,0.0,0.0,0.0,0.0
14_31,-12.895315903535732,-38.36255420832417,0.0,0.0,0.0,0.0,0.0,0.0,0.0,0.0
14_32,-12.895315903535732,-38.35357105548297,0.0,0.0,0.0,0.0,0.0,0.0,0.0,0.0
14_33,-12.895315903535732,-38.34458790264178,0.0,0.0,0.0,0.0,0.0,0.0,0.0,0.0
14_34,-12.895315903535732,-38.33560474980058,0.0,0.0,0.0,0.0,0.0,0.0,0.0,0.0
14_35,-12.895315903535732,-38.326621596959384,0.0,0.0,0.0,0.0,0.0,0.0,0.0,0.0
14_36,-12.895315903535732,-38.31763844411819,0.0,0.0,0.0,0.0,0.0,0.0,0.0,0.0
14_37,-12.895315903535732,-38.308655291277,0.0,0.0,0.0,0.0,0.0,0.0,0.0,0.0
15_0,-12.886332750694537,-38.69493086344839,0.0,0.0,0.0,0.0,0.0,0.0,0.0,0.0
15_1,-12.886332750694537,-38.685947710607195,0.0,0.0,0.0,0.0,0.0,0.0,0.0,0.0
15_2,-12.886332750694537,-38.676964557766,0.0,0.0,0.0,0.0,0.0,0.0,0.0,0.0
15_3,-12.886332750694537,-38.6679814049248,0.0,0.0,0.0,0.0,0.0,0.0,0.0,0.0
15_4,-12.886332750694537,-38.658998252083606,0.0,0.0,0.0,0.0,0.0,0.0,0.0,0.0
15_5,-12.886332750694537,-38.65001509924242,0.0,0.0,0.0,0.0,0.0,0.0,0.0,0.0
15_6,-12.886332750694537,-38.64103194640122,0.0,0.0,0.0,0.0,0.0,0.0,0.0,0.0
15_7,-12.886332750694537,-38.632048793560024,0.0,0.0,0.0,0.0,0.0,0.0,0.0,0.0
15_8,-12.886332750694537,-38.62306564071883,0.0,0.0,0.0,0.0,0.0,0.0,0.0,0.0
15_9,-12.886332750694537,-38.61408248787763,0.0,0.0,0.0,0.0,0.0,0.0,0.0,0.0
15_10,-12.886332750694537,-38.605099335036435,0.0,0.0,0.0,0.0,0.0,0.0,0.0,0.0
15_11,-12.886332750694537,-38.542217265148075,0.0,0.0,0.0,0.0,0.0,0.0,0.0,0.0
15_12,-12.886332750694537,-38.53323411230688,0.0,0.0,0.0,0.0,0.0,0.0,0.0,0.0
15_13,-12.886332750694537,-38.52425095946568,0.0,0.0,0.0,0.0,0.0,0.0,0.0,0.0
15_14,-12.886332750694537,-38.515267806624486,0.0,0.0,0.0,0.0,0.0,0.0,0.0,0.0
15_15,-12.886332750694537,-38.50628465378329,0.0,0.0,0.0,0.0,0.0,0.0,0.0,0.0
15_16,-12.886332750694537,-38.49730150094209,0.0,0.0,0.0,0.0,0.0,0.0,0.0,0.0
15_17,-12.886332750694537,-38.4883183481009,0.0,0.0,0.0,0.0,0.0,0.0,0.0,0.0
15_18,-12.886332750694537,-38.47933519525971,0.0,0.0,0.0,0.0,0.0,0.0,0.0,0.0
15_19,-12.886332750694537,-38.47035204241851,0.0,0.0,0.0,0.0,0.0,0.0,0.0,0.0
15_20,-12.886332750694537,-38.461368889577315,0.0,0.0,0.0,0.0,0.0,0.0,0.0,0.0
15_21,-12.886332750694537,-38.45238573673612,0.0,0.0,0.0,0.0,0.0,0.0,0.0,0.0
15_22,-12.886332750694537,-38.44340258389492,0.0,0.0,0.0,0.0,0.0,0.0,0.0,0.0
15_23,-12.886332750694537,-38.434419431053726,0.0,0.0,0.0,0.0,0.0,0.0,0.0,0.0
15_24,-12.886332750694537,-38.42543627821254,0.0,0.0,0.0,0.0,0.0,0.0,0.0,0.0
15_25,-12.886332750694537,-38.41645312537134,0.0,0.0,0.0,0.0,0.0,0.0,0.0,0.0
15_26,-12.886332750694537,-38.407469972530144,0.0,0.0,0.0,0.0,0.0,0.0,0.0,0.0
15_27,-12.886332750694537,-38.39848681968895,0.0,0.0,0.0,0.0,0.0,0.0,0.0,0.0
15_28,-12.886332750694537,-38.38950366684775,0.0,0.0,0.0,0.0,0.0,0.0,0.0,0.0
15_29,-12.886332750694537,-38.380520514006555,0.0,0.0,0.0,0.0,0.0,0.0,0.0,0.0
15_30,-12.886332750694537,-38.37153736116536,0.0,0.0,0.0,0.0,0.0,0.0,0.0,0.0
15_31,-12.886332750694537,-38.36255420832417,0.0,0.0,0.0,0.0,0.0,0.0,0.0,0.0
15_32,-12.886332750694537,-38.35357105548297,0.0,0.0,0.0,0.0,0.0,0.0,0.0,0.0
15_33,-12.886332750694537,-38.34458790264178,0.0,0.0,0.0,0.0,0.0,0.0,0.0,0.0
15_34,-12.886332750694537,-38.33560474980058,0.0,0.0,0.0,0.0,0.0,0.0,0.0,0.0
15_35,-12.886332750694537,-38.326621596959384,0.0,0.0,0.0,0.0,0.0,0.0,0.0,0.0
15_36,-12.886332750694537,-38.31763844411819,0.0,0.0,0.0,0.0,0.0,0.0,0.0,0.0
15_37,-12.886332750694537,-38.308655291277,0.0,0.0,0.0,0.0,0.0,0.0,0.0,0.0
16_0,-12.87734959785334,-38.69493086344839,0.0,0.0,0.0,0.0,0.0,0.0,0.0,0.0
16_1,-12.87734959785334,-38.685947710607195,0.0,0.0,0.0,0.0,0.0,0.0,0.0,0.0
16_2,-12.87734959785334,-38.676964557766,0.0,0.0,0.0,0.0,0.0,0.0,0.0,0.0
16_3,-12.87734959785334,-38.6679814049248,0.0,0.0,0.0,0.0,0.0,0.0,0.0,0.0
16_4,-12.87734959785334,-38.658998252083606,0.0,0.0,0.0,0.0,0.0,0.0,0.0,0.0
16_5,-12.87734959785334,-38.65001509924242,0.0,0.0,0.0,0.0,0.0,0.0,0.0,0.0
16_6,-12.87734959785334,-38.64103194640122,0.0,0.0,0.0,0.0,0.0,0.0,0.0,0.0
16_7,-12.87734959785334,-38.632048793560024,0.0,0.0,0.0,0.0,0.0,0.0,0.0,0.0
16_8,-12.87734959785334,-38.62306564071883,0.0,0.0,0.0,0.0,0.0,0.0,0.0,0.0
16_9,-12.87734959785334,-38.61408248787763,0.0,0.0,0.0,0.0,0.0,0.0,0.0,0.0
16_10,-12.87734959785334,-38.605099335036435,0.0,0.0,0.0,0.0,0.0,0.0,0.0,0.0
16_11,-12.87734959785334,-38.542217265148075,0.0,0.0,0.0,0.0,0.0,0.0,0.0,0.0
16_12,-12.87734959785334,-38.53323411230688,0.0,0.0,0.0,0.0,0.0,0.0,0.0,0.0
16_13,-12.87734959785334,-38.52425095946568,0.0,0.0,0.0,0.0,0.0,0.0,0.0,0.0
16_14,-12.87734959785334,-38.515267806624486,0.0,0.0,0.0,0.0,0.0,0.0,0.0,0.0
16_15,-12.87734959785334,-38.50628465378329,0.0,0.0,0.0,0.0,0.0,0.0,0.0,0.0
16_16,-12.87734959785334,-38.49730150094209,0.0,0.0,0.0,0.0,0.0,0.0,0.0,0.0
16_17,-12.87734959785334,-38.4883183481009,0.0,0.0,0.0,0.0,0.0,0.0,0.0,0.0
16_18,-12.87734959785334,-38.47933519525971,0.0,0.0,0.0,0.0,0.0,0.0,0.0,0.0
16_19,-12.87734959785334,-38.47035204241851,0.0,0.0,0.0,0.0,0.0,0.0,0.0,0.0
16_20,-12.87734959785334,-38.461368889577315,0.0,0.0,0.0,0.0,0.0,0.0,0.0,0.0
16_21,-12.87734959785334,-38.45238573673612,0.0,0.0,0.0,0.0,0.0,0.0,0.0,0.0
16_22,-12.87734959785334,-38.44340258389492,0.0,0.0,0.0,0.0,0.0,0.0,0.0,0.0
16_23,-12.87734959785334,-38.434419431053726,0.0,0.0,0.0,0.0,0.0,0.0,0.0,0.0
16_24,-12.87734959785334,-38.42543627821254,0.0,0.0,0.0,0.0,0.0,0.0,0.0,0.0
16_25,-12.87734959785334,-38.41645312537134,0.0,0.0,0.0,0.0,0.0,0.0,0.0,0.0
16_26,-12.87734959785334,-38.407469972530144,0.0,0.0,0.0,0.0,0.0,0.0,0.0,0.0
16_27,-12.87734959785334,-38.39848681968895,0.0,0.0,0.0,0.0,0.0,0.0,0.0,0.0
16_28,-12.87734959785334,-38.38950366684775,0.0,0.0,0.0,0.0,0.0,0.0,0.0,0.0
16_29,-12.87734959785334,-38.380520514006555,0.0,0.0,0.0,0.0,0.0,0.0,0.0,0.0
16_30,-12.87734959785334,-38.37153736116536,0.0,0.0,0.0,0.0,0.0,0.0,0.0,0.0
16_31,-12.87734959785334,-38.36255420832417,0.0,0.0,0.0,0.0,0.0,0.0,0.0,0.0
16_32,-12.87734959785334,-38.35357105548297,0.0,0.0,0.0,0.0,0.0,0.0,0.0,0.0
16_33,-12.87734959785334,-38.34458790264178,0.0,0.0,0.0,0.0,0.0,0.0,0.0,0.0
16_34,-12.87734959785334,-38.33560474980058,0.0,0.0,0.0,0.0,0.0,0.0,0.0,0.0
16_35,-12.87734959785334,-38.326621596959384,0.0,0.0,0.0,0.0,0.0,0.0,0.0,0.0
16_36,-12.87734959785334,-38.31763844411819,0.0,0.0,0.0,0.0,0.0,0.0,0.0,0.0
16_37,-12.87734959785334,-38.308655291277,0.0,0.0,0.0,0.0,0.0,0.0,0.0,0.0
17_0,-12.868366445012146,-38.69493086344839,0.0,0.0,0.0,0.0,0.0,0.0,0.0,0.0
17_1,-12.868366445012146,-38.685947710607195,0.0,0.0,0.0,0.0,0.0,0.0,0.0,0.0
17_2,-12.868366445012146,-38.676964557766,0.0,0.0,0.0,0.0,0.0,0.0,0.0,0.0
17_3,-12.868366445012146,-38.6679814049248,0.0,0.0,0.0,0.0,0.0,0.0,0.0,0.0
17_4,-12.868366445012146,-38.658998252083606,0.0,0.0,0.0,0.0,0.0,0.0,0.0,0.0
17_5,-12.868366445012146,-38.65001509924242,0.0,0.0,0.0,0.0,0.0,0.0,0.0,0.0
17_6,-12.868366445012146,-38.64103194640122,0.0,0.0,0.0,0.0,0.0,0.0,0.0,0.0
17_7,-12.868366445012146,-38.632048793560024,0.0,0.0,0.0,0.0,0.0,0.0,0.0,0.0
17_8,-12.868366445012146,-38.62306564071883,0.0,0.0,0.0,0.0,0.0,0.0,0.0,0.0
17_9,-12.868366445012146,-38.61408248787763,0.0,0.0,0.0,0.0,0.0,0.0,0.0,0.0
17_10,-12.868366445012146,-38.605099335036435,0.0,0.0,0.0,0.0,0.0,0.0,0.0,0.0
17_11,-12.868366445012146,-38.542217265148075,0.0,0.0,0.0,0.0,0.0,0.0,0.0,0.0
17_12,-12.868366445012146,-38.53323411230688,0.0,0.0,0.0,0.0,0.0,0.0,0.0,0.0
17_13,-12.868366445012146,-38.52425095946568,0.0,0.0,0.0,0.0,0.0,0.0,0.0,0.0
17_14,-12.868366445012146,-38.515267806624486,0.0,0.0,0.0,0.0,0.0,0.0,0.0,0.0
17_15,-12.868366445012146,-38.50628465378329,0.0,0.0,0.0,0.0,0.0,0.0,0.0,0.0
17_16,-12.868366445012146,-38.49730150094209,0.0,0.0,0.0,0.0,0.0,0.0,0.0,0.0
17_17,-12.868366445012146,-38.4883183481009,0.0,0.0,0.0,0.0,0.0,0.0,0.0,0.0
17_18,-12.868366445012146,-38.47933519525971,0.0,0.0,0.0,0.0,0.0,0.0,0.0,0.0
17_19,-12.868366445012146,-38.47035204241851,0.0,0.0,0.0,0.0,0.0,0.0,0.0,0.0
17_20,-12.868366445012146,-38.461368889577315,0.0,0.0,0.0,0.0,0.0,0.0,0.0,0.0
17_21,-12.868366445012146,-38.45238573673612,0.0,0.0,0.0,0.0,0.0,0.0,0.0,0.0
17_22,-12.868366445012146,-38.44340258389492,0.0,0.0,0.0,0.0,0.0,0.0,0.0,0.0
17_23,-12.868366445012146,-38.434419431053726,0.0,0.0,0.0,0.0,0.0,0.0,0.0,0.0
17_24,-12.868366445012146,-38.42543627821254,0.0,0.0,0.0,0.0,0.0,0.0,0.0,0.0
17_25,-12.868366445012146,-38.41645312537134,0.0,0.0,0.0,0.0,0.0,0.0,0.0,0.0
17_26,-12.868366445012146,-38.407469972530144,0.0,0.0,0.0,0.0,0.0,0.0,0.0,0.0
17_27,-12.868366445012146,-38.39848681968895,0.0,0.0,0.0,0.0,0.0,0.0,0.0,0.0
17_28,-12.868366445012146,-38.38950366684775,0.0,0.0,0.0,0.0,0.0,0.0,0.0,0.0
17_29,-12.868366445012146,-38.380520514006555,0.0,0.0,0.0,0.0,0.0,0.0,0.0,0.0
17_30,-12.868366445012146,-38.37153736116536,0.0,0.0,0.0,0.0,0.0,0.0,0.0,0.0
17_31,-12.868366445012146,-38.36255420832417,0.0,0.0,0.0,0.0,0.0,0.0,0.0,0.0
17_32,-12.868366445012146,-38.35357105548297,0.0,0.0,0.0,0.0,0.0,0.0,0.0,0.0
17_33,-12.868366445012146,-38.34458790264178,0.0,0.0,0.0,0.0,0.0,0.0,0.0,0.0
17_34,-12.868366445012146,-38.33560474980058,0.0,0.0,0.0,0.0,0.0,0.0,0.0,0.0
17_35,-12.868366445012146,-38.326621596959384,0.0,0.0,0.0,0.0,0.0,0.0,0.0,0.0
17_36,-12.868366445012146,-38.31763844411819,0.0,0.0,0.0,0.0,0.0,0.0,0.0,0.0
17_37,-12.868366445012146,-38.308655291277,0.0,0.0,0.0,0.0,0.0,0.0,0.0,0.0
18_0,-12.859383292170952,-38.69493086344839,0.0,0.0,0.0,0.0,0.0,0.0,0.0,0.0
18_1,-12.859383292170952,-38.685947710607195,0.0,0.0,0.0,0.0,0.0,0.0,0.0,0.0
18_2,-12.859383292170952,-38.676964557766,0.0,0.0,0.0,0.0,0.0,0.0,0.0,0.0
18_3,-12.859383292170952,-38.6679814049248,0.0,0.0,0.0,0.0,0.0,0.0,0.0,0.0
18_4,-12.859383292170952,-38.658998252083606,0.0,0.0,0.0,0.0,0.0,0.0,0.0,0.0
18_5,-12.859383292170952,-38.65001509924242,0.0,0.0,0.0,0.0,0.0,0.0,0.0,0.0
18_6,-12.859383292170952,-38.64103194640122,0.0,0.0,0.0,0.0,0.0,0.0,0.0,0.0
18_7,-12.859383292170952,-38.632048793560024,0.0,0.0,0.0,0.0,0.0,0.0,0.0,0.0
18_8,-12.859383292170952,-38.62306564071883,0.0,0.0,0.0,0.0,0.0,0.0,0.0,0.0
18_9,-12.859383292170952,-38.61408248787763,0.0,0.0,0.0,0.0,0.0,0.0,0.0,0.0
18_10,-12.859383292170952,-38.605099335036435,0.0,0.0,0.0,0.0,0.0,0.0,0.0,0.0
18_11,-12.859383292170952,-38.542217265148075,0.0,0.0,0.0,0.0,0.0,0.0,0.0,0.0
18_12,-12.859383292170952,-38.53323411230688,0.0,0.0,0.0,0.0,0.0,0.0,0.0,0.0
18_13,-12.859383292170952,-38.52425095946568,0.0,0.0,0.0,0.0,0.0,0.0,0.0,0.0
18_14,-12.859383292170952,-38.515267806624486,0.0,0.0,0.0,0.0,0.0,0.0,0.0,0.0
18_15,-12.859383292170952,-38.50628465378329,0.0,0.0,0.0,0.0,0.0,0.0,0.0,0.0
18_16,-12.859383292170952,-38.49730150094209,0.0,0.0,0.0,0.0,0.0,0.0,0.0,0.0
18_17,-12.859383292170952,-38.4883183481009,0.0,0.0,0.0,0.0,0.0,0.0,0.0,0.0
18_18,-12.859383292170952,-38.47933519525971,0.0,0.0,0.0,0.0,0.0,0.0,0.0,0.0
18_19,-12.859383292170952,-38.47035204241851,0.0,0.0,0.0,0.0,0.0,0.0,0.0,0.0
18_20,-12.859383292170952,-38.461368889577315,0.0,0.0,0.0,0.0,0.0,0.0,0.0,0.0
18_21,-12.859383292170952,-38.45238573673612,0.0,0.0,0.0,0.0,0.0,0.0,0.0,0.0
18_22,-12.859383292170952,-38.44340258389492,0.0,0.0,0.0,0.0,0.0,0.0,0.0,0.0
18_23,-12.859383292170952,-38.434419431053726,0.0,0.0,0.0,0.0,0.0,0.0,0.0,0.0
18_24,-12.859383292170952,-38.42543627821254,0.0,0.0,0.0,0.0,0.0,0.0,0.0,0.0
18_25,-12.859383292170952,-38.41645312537134,0.0,0.0,0.0,0.0,0.0,0.0,0.0,0.0
18_26,-12.859383292170952,-38.407469972530144,0.0,0.0,0.0,0.0,0.0,0.0,0.0,0.0
18_27,-12.859383292170952,-38.39848681968895,0.0,0.0,0.0,0.0,0.0,0.0,0.0,0.0
18_28,-12.859383292170952,-38.38950366684775,0.0,0.0,0.0,0.0,0.0,0.0,0.0,0.0
18_29,-12.859383292170952,-38.380520514006555,0.0,0.0,0.0,0.0,0.0,0.0,0.0,0.0
18_30,-12.859383292170952,-38.37153736116536,0.0,0.0,0.0,0.0,0.0,0.0,0.0,0.0
18_31,-12.859383292170952,-38.36255420832417,0.0,0.0,0.0,0.0,0.0,0.0,0.0,0.0
18_32,-12.859383292170952,-38.35357105548297,0.0,0.0,0.0,0.0,0.0,0.0,0.0,0.0
18_33,-12.859383292170952,-38.34458790264178,0.0,0.0,0.0,0.0,0.0,0.0,0.0,0.0
18_34,-12.859383292170952,-38.33560474980058,0.0,0.0,0.0,0.0,0.0,0.0,0.0,0.0
18_35,-12.859383292170952,-38.326621596959384,0.0,0.0,0.0,0.0,0.0,0.0,0.0,0.0
18_36,-12.859383292170952,-38.31763844411819,0.0,0.0,0.0,0.0,0.0,0.0,0.0,0.0
18_37,-12.859383292170952,-38.308655291277,0.0,0.0,0.0,0.0,0.0,0.0,0.0,0.0
19_0,-12.850400139329755,-38.69493086344839,0.0,0.0,0.0,0.0,0.0,0.0,0.0,0.0
19_1,-12.850400139329755,-38.685947710607195,0.0,0.0,0.0,0.0,0.0,0.0,0.0,0.0
19_2,-12.850400139329755,-38.676964557766,0.0,0.0,0.0,0.0,0.0,0.0,0.0,0.0
19_3,-12.850400139329755,-38.6679814049248,0.0,0.0,0.0,0.0,0.0,0.0,0.0,0.0
19_4,-12.850400139329755,-38.658998252083606,0.0,0.0,0.0,0.0,0.0,0.0,0.0,0.0
19_5,-12.850400139329755,-38.65001509924242,0.0,0.0,0.0,0.0,0.0,0.0,0.0,0.0
19_6,-12.850400139329755,-38.64103194640122,0.0,0.0,0.0,0.0,0.0,0.0,0.0,0.0
19_7,-12.850400139329755,-38.632048793560024,0.0,0.0,0.0,0.0,0.0,0.0,0.0,0.0
19_8,-12.850400139329755,-38.62306564071883,0.0,0.0,0.0,0.0,0.0,0.0,0.0,0.0
19_9,-12.850400139329755,-38.61408248787763,0.0,0.0,0.0,0.0,0.0,0.0,0.0,0.0
19_10,-12.850400139329755,-38.605099335036435,0.0,0.0,0.0,0.0,0.0,0.0,0.0,0.0
19_11,-12.850400139329755,-38.542217265148075,0.0,0.0,0.0,0.0,0.0,0.0,0.0,0.0
19_12,-12.850400139329755,-38.53323411230688,0.0,0.0,0.0,0.0,0.0,0.0,0.0,0.0
19_13,-12.850400139329755,-38.52425095946568,0.0,0.0,0.0,0.0,0.0,0.0,0.0,0.0
19_14,-12.850400139329755,-38.515267806624486,0.0,0.0,0.0,0.0,0.0,0.0,0.0,0.0
19_15,-12.850400139329755,-38.50628465378329,0.0,0.0,0.0,0.0,0.0,0.0,0.0,0.0
19_16,-12.850400139329755,-38.49730150094209,0.0,0.0,0.0,0.0,0.0,0.0,0.0,0.0
19_17,-12.850400139329755,-38.4883183481009,0.0,0.0,0.0,0.0,0.0,0.0,0.0,0.0
19_18,-12.850400139329755,-38.47933519525971,0.0,0.0,0.0,0.0,0.0,0.0,0.0,0.0
19_19,-12.850400139329755,-38.47035204241851,0.0,0.0,0.0,0.0,0.0,0.0,0.0,0.0
19_20,-12.850400139329755,-38.461368889577315,0.0,0.0,0.0,0.0,0.0,0.0,0.0,0.0
19_21,-12.850400139329755,-38.45238573673612,0.0,0.0,0.0,0.0,0.0,0.0,0.0,0.0
19_22,-12.850400139329755,-38.44340258389492,0.0,0.0,0.0,0.0,0.0,0.0,0.0,0.0
19_23,-12.850400139329755,-38.434419431053726,0.0,0.0,0.0,0.0,0.0,0.0,0.0,0.0
19_24,-12.850400139329755,-38.42543627821254,0.0,0.0,0.0,0.0,0.0,0.0,0.0,0.0
19_25,-12.850400139329755,-38.41645312537134,0.0,0.0,0.0,0.0,0.0,0.0,0.0,0.0
19_26,-12.850400139329755,-38.407469972530144,0.0,0.0,0.0,0.0,0.0,0.0,0.0,0.0
19_27,-12.850400139329755,-38.39848681968895,0.0,0.0,0.0,0.0,0.0,0.0,0.0,0.0
19_28,-12.850400139329755,-38.38950366684775,0.0,0.0,0.0,0.0,0.0,0.0,0.0,0.0
19_29,-12.850400139329755,-38.380520514006555,0.0,0.0,0.0,0.0,0.0,0.0,0.0,0.0
19_30,-12.850400139329755,-38.37153736116536,0.0,0.0,0.0,0.0,0.0,0.0,0.0,0.0
19_31,-12.850400139329755,-38.36255420832417,0.0,0.0,0.0,0.0,0.0,0.0,0.0,0.0
19_32,-12.850400139329755,-38.35357105548297,0.0,0.0,0.0,0.0,0.0,0.0,0.0,0.0
19_33,-12.850400139329755,-38.34458790264178,0.0,0.0,0.0,0.0,0.0,0.0,0.0,0.0
19_34,-12.850400139329755,-38.33560474980058,0.0,0.0,0.0,0.0,0.0,0.0,0.0,0.0
19_35,-12.850400139329755,-38.326621596959384,0.0,0.0,0.0,0.0,0.0,0.0,0.0,0.0
19_36,-12.850400139329755,-38.31763844411819,0.0,0.0,0.0,0.0,0.0,0.0,0.0,0.0
19_37,-12.850400139329755,-38.308655291277,0.0,0.0,0.0,0.0,0.0,0.0,0.0,0.0
20_0,-12.84141698648856,-38.69493086344839,0.0,0.0,0.0,0.0,0.0,0.0,0.0,0.0
20_1,-12.84141698648856,-38.685947710607195,0.0,0.0,0.0,0.0,0.0,0.0,0.0,0.0
20_2,-12.84141698648856,-38.676964557766,0.0,0.0,0.0,0.0,0.0,0.0,0.0,0.0
20_3,-12.84141698648856,-38.6679814049248,0.0,0.0,0.0,0.0,0.0,0.0,0.0,0.0
20_4,-12.84141698648856,-38.658998252083606,0.0,0.0,0.0,0.0,0.0,0.0,0.0,0.0
20_5,-12.84141698648856,-38.65001509924242,0.0,0.0,0.0,0.0,0.0,0.0,0.0,0.0
20_6,-12.84141698648856,-38.64103194640122,0.0,0.0,0.0,0.0,0.0,0.0,0.0,0.0
20_7,-12.84141698648856,-38.632048793560024,0.0,0.0,0.0,0.0,0.0,0.0,0.0,0.0
20_8,-12.84141698648856,-38.62306564071883,0.0,0.0,0.0,0.0,0.0,0.0,0.0,0.0
20_9,-12.84141698648856,-38.61408248787763,0.0,0.0,0.0,0.0,0.0,0.0,0.0,0.0
20_10,-12.84141698648856,-38.605099335036435,0.0,0.0,0.0,0.0,0.0,0.0,0.0,0.0
20_11,-12.84141698648856,-38.542217265148075,0.0,0.0,0.0,0.0,0.0,0.0,0.0,0.0
20_12,-12.84141698648856,-38.53323411230688,0.0,0.0,0.0,0.0,0.0,0.0,0.0,0.0
20_13,-12.84141698648856,-38.52425095946568,0.0,0.0,0.0,0.0,0.0,0.0,0.0,0.0
20_14,-12.84141698648856,-38.515267806624486,0.0,0.0,0.0,0.0,0.0,0.0,0.0,0.0
20_15,-12.84141698648856,-38.50628465378329,0.0,0.0,0.0,0.0,0.0,0.0,0.0,0.0
20_16,-12.84141698648856,-38.49730150094209,0.0,0.0,0.0,0.0,0.0,0.0,0.0,0.0
20_17,-12.84141698648856,-38.4883183481009,0.0,0.0,0.0,0.0,0.0,0.0,0.0,0.0
20_18,-12.84141698648856,-38.47933519525971,0.0,0.0,0.0,0.0,0.0,0.0,0.0,0.0
20_19,-12.84141698648856,-38.47035204241851,0.0,0.0,0.0,0.0,0.0,0.0,0.0,0.0
20_20,-12.84141698648856,-38.461368889577315,0.0,0.0,0.0,0.0,0.0,0.0,0.0,0.0
20_21,-12.84141698648856,-38.45238573673612,0.0,0.0,0.0,0.0,0.0,0.0,0.0,0.0
20_22,-12.84141698648856,-38.44340258389492,0.0,0.0,0.0,0.0,0.0,0.0,0.0,0.0
20_23,-12.84141698648856,-38.434419431053726,0.0,0.0,0.0,0.0,0.0,0.0,0.0,0.0
20_24,-12.84141698648856,-38.42543627821254,0.0,0.0,0.0,0.0,0.0,0.0,0.0,0.0
20_25,-12.84141698648856,-38.41645312537134,0.0,0.0,0.0,0.0,0.0,0.0,0.0,0.0
20_26,-12.84141698648856,-38.407469972530144,0.0,0.0,0.0,0.0,0.0,0.0,0.0,0.0
20_27,-12.84141698648856,-38.39848681968895,0.0,0.0,0.0,0.0,0.0,0.0,0.0,0.0
20_28,-12.84141698648856,-38.38950366684775,0.0,0.0,0.0,0.0,0.0,0.0,0.0,0.0
20_29,-12.84141698648856,-38.380520514006555,0.0,0.0,0.0,0.0,0.0,0.0,0.0,0.0
20_30,-12.84141698648856,-38.37153736116536,0.0,0.0,0.0,0.0,0.0,0.0,0.0,0.0
20_31,-12.84141698648856,-38.36255420832417,0.0,0.0,0.0,0.0,0.0,0.0,0.0,0.0
20_32,-12.84141698648856,-38.35357105548297,0.0,0.0,0.0,0.0,0.0,0.0,0.0,0.0
20_33,-12.84141698648856,-38.34458790264178,0.0,0.0,0.0,0.0,0.0,0.0,0.0,0.0
20_34,-12.84141698648856,-38.33560474980058,0.0,0.0,0.0,0.0,0.0,0.0,0.0,0.0
20_35,-12.84141698648856,-38.326621596959384,0.0,0.0,0.0,0.0,0.0,0.0,0.0,0.0
20_36,-12.84141698648856,-38.31763844411819,0.0,0.0,0.0,0.0,0.0,0.0,0.0,0.0
20_37,-12.84141698648856,-38.308655291277,0.0,0.0,0.0,0.0,0.0,0.0,0.0,0.0
21_0,-12.832433833647364,-38.69493086344839,0.0,0.0,0.0,0.0,0.0,0.0,0.0,0.0
21_1,-12.832433833647364,-38.685947710607195,0.0,0.0,0.0,0.0,0.0,0.0,0.0,0.0
21_2,-12.832433833647364,-38.676964557766,0.0,0.0,0.0,0.0,0.0,0.0,0.0,0.0
21_3,-12.832433833647364,-38.6679814049248,0.0,0.0,0.0,0.0,0.0,0.0,0.0,0.0
21_4,-12.832433833647364,-38.658998252083606,0.0,0.0,0.0,0.0,0.0,0.0,0.0,0.0
21_5,-12.832433833647364,-38.65001509924242,0.0,0.0,0.0,0.0,0.0,0.0,0.0,0.0
21_6,-12.832433833647364,-38.64103194640122,0.0,0.0,0.0,0.0,0.0,0.0,0.0,0.0
21_7,-12.832433833647364,-38.632048793560024,0.0,0.0,0.0,0.0,0.0,0.0,0.0,0.0
21_8,-12.832433833647364,-38.62306564071883,0.0,0.0,0.0,0.0,0.0,0.0,0.0,0.0
21_9,-12.832433833647364,-38.61408248787763,0.0,0.0,0.0,0.0,0.0,0.0,0.0,0.0
21_10,-12.832433833647364,-38.605099335036435,0.0,0.0,0.0,0.0,0.0,0.0,0.0,0.0
21_11,-12.832433833647364,-38.542217265148075,0.0,0.0,0.0,0.0,0.0,0.0,0.0,0.0
21_12,-12.832433833647364,-38.53323411230688,0.0,0.0,0.0,0.0,0.0,0.0,0.0,0.0
21_13,-12.832433833647364,-38.52425095946568,0.0,0.0,0.0,0.0,0.0,0.0,0.0,0.0
21_14,-12.832433833647364,-38.515267806624486,0.0,0.0,0.0,0.0,0.0,0.0,0.0,0.0
21_15,-12.832433833647364,-38.50628465378329,0.0,0.0,0.0,0.0,0.0,0.0,0.0,0.0
21_16,-12.832433833647364,-38.49730150094209,0.0,0.0,0.0,0.0,0.0,0.0,0.0,0.0
21_17,-12.832433833647364,-38.4883183481009,0.0,0.0,0.0,0.0,0.0,0.0,0.0,0.0
21_18,-12.832433833647364,-38.47933519525971,0.0,0.0,0.0,0.0,0.0,0.0,0.0,0.0
21_19,-12.832433833647364,-38.47035204241851,0.0,0.0,0.0,0.0,0.0,0.0,0.0,0.0
21_20,-12.832433833647364,-38.461368889577315,0.0,0.0,0.0,0.0,0.0,0.0,0.0,0.0
21_21,-12.832433833647364,-38.45238573673612,0.0,0.0,0.0,0.0,0.0,0.0,0.0,0.0
21_22,-12.832433833647364,-38.44340258389492,0.0,0.0,0.0,0.0,0.0,0.0,0.0,0.0
21_23,-12.832433833647364,-38.434419431053726,0.0,0.0,0.0,0.0,0.0,0.0,0.0,0.0
21_24,-12.832433833647364,-38.42543627821254,0.0,0.0,0.0,0.0,0.0,0.0,0.0,0.0
21_25,-12.832433833647364,-38.41645312537134,0.0,0.0,0.0,0.0,0.0,0.0,0.0,0.0
21_26,-12.832433833647364,-38.407469972530144,0.0,0.0,0.0,0.0,0.0,0.0,0.0,0.0
21_27,-12.832433833647364,-38.39848681968895,0.0,0.0,0.0,0.0,0.0,0.0,0.0,0.0
21_28,-12.832433833647364,-38.38950366684775,0.0,0.0,0.0,0.0,0.0,0.0,0.0,0.0
21_29,-12.832433833647364,-38.380520514006555,0.0,0.0,0.0,0.0,0.0,0.0,0.0,0.0
21_30,-12.832433833647364,-38.37153736116536,0.0,0.0,0.0,0.0,0.0,0.0,0.0,0.0
21_31,-12.832433833647364,-38.36255420832417,0.0,0.0,0.0,0.0,0.0,0.0,0.0,0.0
21_32,-12.832433833647364,-38.35357105548297,0.0,0.0,0.0,0.0,0.0,0.0,0.0,0.0
21_33,-12.832433833647364,-38.34458790264178,0.0,0.0,0.0,0.0,0.0,0.0,0.0,0.0
21_34,-12.832433833647364,-38.33560474980058,0.0,0.0,0.0,0.0,0.0,0.0,0.0,0.0
21_35,-12.832433833647364,-38.326621596959384,0.0,0.0,0.0,0.0,0.0,0.0,0.0,0.0
21_36,-12.832433833647364,-38.31763844411819,0.0,0.0,0.0,0.0,0.0,0.0,0.0,0.0
21_37,-12.832433833647364,-38.308655291277,0.0,0.0,0.0,0.0,0.0,0.0,0.0,0.0
22_0,-12.82345068080617,-38.69493086344839,0.0,0.0,0.0,0.0,0.0,0.0,0.0,0.0
22_1,-12.82345068080617,-38.685947710607195,0.0,0.0,0.0,0.0,0.0,0.0,0.0,0.0
22_2,-12.82345068080617,-38.676964557766,0.0,0.0,0.0,0.0,0.0,0.0,0.0,0.0
22_3,-12.82345068080617,-38.6679814049248,0.0,0.0,0.0,0.0,0.0,0.0,0.0,0.0
22_4,-12.82345068080617,-38.658998252083606,0.0,0.0,0.0,0.0,0.0,0.0,0.0,0.0
22_5,-12.82345068080617,-38.65001509924242,0.0,0.0,0.0,0.0,0.0,0.0,0.0,0.0
22_6,-12.82345068080617,-38.64103194640122,0.0,0.0,0.0,0.0,0.0,0.0,0.0,0.0
22_7,-12.82345068080617,-38.632048793560024,0.0,0.0,0.0,0.0,0.0,0.0,0.0,0.0
22_8,-12.82345068080617,-38.62306564071883,0.0,0.0,0.0,0.0,0.0,0.0,0.0,0.0
22_9,-12.82345068080617,-38.61408248787763,0.0,0.0,0.0,0.0,0.0,0.0,0.0,0.0
22_10,-12.82345068080617,-38.605099335036435,0.0,0.0,0.0,0.0,0.0,0.0,0.0,0.0
22_11,-12.82345068080617,-38.542217265148075,0.0,0.0,0.0,0.0,0.0,0.0,0.0,0.0
22_12,-12.82345068080617,-38.53323411230688,0.0,0.0,0.0,0.0,0.0,0.0,0.0,0.0
22_13,-12.82345068080617,-38.52425095946568,0.0,0.0,0.0,0.0,0.0,0.0,0.0,0.0
22_14,-12.82345068080617,-38.515267806624486,0.0,0.0,0.0,0.0,0.0,0.0,0.0,0.0
22_15,-12.82345068080617,-38.50628465378329,0.0,0.0,0.0,0.0,0.0,0.0,0.0,0.0
22_16,-12.82345068080617,-38.49730150094209,0.0,0.0,0.0,0.0,0.0,0.0,0.0,0.0
22_17,-12.82345068080617,-38.4883183481009,0.0,0.0,0.0,0.0,0.0,0.0,0.0,0.0
22_18,-12.82345068080617,-38.47933519525971,0.0,0.0,0.0,0.0,0.0,0.0,0.0,0.0
22_19,-12.82345068080617,-38.47035204241851,0.0,0.0,0.0,0.0,0.0,0.0,0.0,0.0
22_20,-12.82345068080617,-38.461368889577315,0.0,0.0,0.0,0.0,0.0,0.0,0.0,0.0
22_21,-12.82345068080617,-38.45238573673612,0.0,0.0,0.0,0.0,0.0,0.0,0.0,0.0
22_22,-12.82345068080617,-38.44340258389492,0.0,0.0,0.0,0.0,0.0,0.0,0.0,0.0
22_23,-12.82345068080617,-38.434419431053726,0.0,0.0,0.0,0.0,0.0,0.0,0.0,0.0
22_24,-12.82345068080617,-38.42543627821254,0.0,0.0,0.0,0.0,0.0,0.0,0.0,0.0
22_25,-12.82345068080617,-38.41645312537134,0.0,0.0,0.0,0.0,0.0,0.0,0.0,0.0
22_26,-12.82345068080617,-38.407469972530144,0.0,0.0,0.0,0.0,0.0,0.0,0.0,0.0
22_27,-12.82345068080617,-38.39848681968895,0.0,0.0,0.0,0.0,0.0,0.0,0.0,0.0
22_28,-12.82345068080617,-38.38950366684775,0.0,0.0,0.0,0.0,0.0,0.0,0.0,0.0
22_29,-12.82345068080617,-38.380520514006555,0.0,0.0,0.0,0.0,0.0,0.0,0.0,0.0
22_30,-12.82345068080617,-38.37153736116536,0.0,0.0,0.0,0.0,0.0,0.0,0.0,0.0
22_31,-12.82345068080617,-38.36255420832417,0.0,0.0,0.0,0.0,0.0,0.0,0.0,0.0
22_32,-12.82345068080617,-38.35357105548297,0.0,0.0,0.0,0.0,0.0,0.0,0.0,0.0
22_33,-12.82345068080617,-38.34458790264178,0.0,0.0,0.0,0.0,0.0,0.0,0.0,0.0
22_34,-12.82345068080617,-38.33560474980058,0.0,0.0,0.0,0.0,0.0,0.0,0.0,0.0
22_35,-12.82345068080617,-38.326621596959384,0.0,0.0,0.0,0.0,0.0,0.0,0.0,0.0
22_36,-12.82345068080617,-38.31763844411819,0.0,0.0,0.0,0.0,0.0,0.0,0.0,0.0
22_37,-12.82345068080617,-38.308655291277,0.0,0.0,0.0,0.0,0.0,0.0,0.0,0.0
23_0,-12.814467527964975,-38.69493086344839,0.0,0.0,0.0,0.0,0.0,0.0,0.0,0.0
23_1,-12.814467527964975,-38.685947710607195,0.0,0.0,0.0,0.0,0.0,0.0,0.0,0.0
23_2,-12.814467527964975,-38.676964557766,0.0,0.0,0.0,0.0,0.0,0.0,0.0,0.0
23_3,-12.814467527964975,-38.6679814049248,0.0,0.0,0.0,0.0,0.0,0.0,0.0,0.0
23_4,-12.814467527964975,-38.658998252083606,0.0,0.0,0.0,0.0,0.0,0.0,0.0,0.0
23_5,-12.814467527964975,-38.65001509924242,0.0,0.0,0.0,0.0,0.0,0.0,0.0,0.0
23_6,-12.814467527964975,-38.64103194640122,0.0,0.0,0.0,0.0,0.0,0.0,0.0,0.0
23_7,-12.814467527964975,-38.632048793560024,0.0,0.0,0.0,0.0,0.0,0.0,0.0,0.0
23_8,-12.814467527964975,-38.62306564071883,0.0,0.0,0.0,0.0,0.0,0.0,0.0,0.0
23_9,-12.814467527964975,-38.61408248787763,0.0,0.0,0.0,0.0,0.0,0.0,0.0,0.0
23_10,-12.814467527964975,-38.605099335036435,0.0,0.0,0.0,0.0,0.0,0.0,0.0,0.0
23_11,-12.814467527964975,-38.542217265148075,0.0,0.0,0.0,0.0,0.0,0.0,0.0,0.0
23_12,-12.814467527964975,-38.53323411230688,0.0,0.0,0.0,0.0,0.0,0.0,0.0,0.0
23_13,-12.814467527964975,-38.52425095946568,0.0,0.0,0.0,0.0,0.0,0.0,0.0,0.0
23_14,-12.814467527964975,-38.515267806624486,0.0,0.0,0.0,0.0,0.0,0.0,0.0,0.0
23_15,-12.814467527964975,-38.50628465378329,0.0,0.0,0.0,0.0,0.0,0.0,0.0,0.0
23_16,-12.814467527964975,-38.49730150094209,0.0,0.0,0.0,0.0,0.0,0.0,0.0,0.0
23_17,-12.814467527964975,-38.4883183481009,0.0,0.0,0.0,0.0,0.0,0.0,0.0,0.0
23_18,-12.814467527964975,-38.47933519525971,0.0,0.0,0.0,0.0,0.0,0.0,0.0,0.0
23_19,-12.814467527964975,-38.47035204241851,0.0,0.0,0.0,0.0,0.0,0.0,0.0,0.0
23_20,-12.814467527964975,-38.461368889577315,0.0,0.0,0.0,0.0,0.0,0.0,0.0,0.0
23_21,-12.814467527964975,-38.45238573673612,0.0,0.0,0.0,0.0,0.0,0.0,0.0,0.0
23_22,-12.814467527964975,-38.44340258389492,0.0,0.0,0.0,0.0,0.0,0.0,0.0,0.0
23_23,-12.814467527964975,-38.434419431053726,0.0,0.0,0.0,0.0,0.0,0.0,0.0,0.0
23_24,-12.814467527964975,-38.42543627821254,0.0,0.0,0.0,0.0,0.0,0.0,0.0,0.0
23_25,-12.814467527964975,-38.41645312537134,0.0,0.0,0.0,0.0,0.0,0.0,0.0,0.0
23_26,-12.814467527964975,-38.407469972530144,0.0,0.0,0.0,0.0,0.0,0.0,0.0,0.0
23_27,-12.814467527964975,-38.39848681968895,0.0,0.0,0.0,0.0,0.0,0.0,0.0,0.0
23_28,-12.814467527964975,-38.38950366684775,0.0,0.0,0.0,0.0,0.0,0.0,0.0,0.0
23_29,-12.814467527964975,-38.380520514006555,0.0,0.0,0.0,0.0,0.0,0.0,0.0,0.0
23_30,-12.814467527964975,-38.37153736116536,0.0,0.0,0.0,0.0,0.0,0.0,0.0,0.0
23_31,-12.814467527964975,-38.36255420832417,0.0,0.0,0.0,0.0,0.0,0.0,0.0,0.0
23_32,-12.814467527964975,-38.35357105548297,0.0,0.0,0.0,0.0,0.0,0.0,0.0,0.0
23_33,-12.814467527964975,-38.34458790264178,0.0,0.0,0.0,0.0,0.0,0.0,0.0,0.0
23_34,-12.814467527964975,-38.33560474980058,0.0,0.0,0.0,0.0,0.0,0.0,0.0,0.0
23_35,-12.814467527964975,-38.326621596959384,0.0,0.0,0.0,0.0,0.0,0.0,0.0,0.0
23_36,-12.814467527964975,-38.31763844411819,0.0,0.0,0.0,0.0,0.0,0.0,0.0,0.0
23_37,-12.814467527964975,-38.308655291277,0.0,0.0,0.0,0.0,0.0,0.0,0.0,0.0
24_0,-12.805484375123779,-38.69493086344839,0.0,0.0,0.0,0.0,0.0,0.0,0.0,0.0
24_1,-12.805484375123779,-38.685947710607195,0.0,0.0,0.0,0.0,0.0,0.0,0.0,0.0
24_2,-12.805484375123779,-38.676964557766,0.0,0.0,0.0,0.0,0.0,0.0,0.0,0.0
24_3,-12.805484375123779,-38.6679814049248,0.0,0.0,0.0,0.0,0.0,0.0,0.0,0.0
24_4,-12.805484375123779,-38.658998252083606,0.0,0.0,0.0,0.0,0.0,0.0,0.0,0.0
24_5,-12.805484375123779,-38.65001509924242,0.0,0.0,0.0,0.0,0.0,0.0,0.0,0.0
24_6,-12.805484375123779,-38.64103194640122,0.0,0.0,0.0,0.0,0.0,0.0,0.0,0.0
24_7,-12.805484375123779,-38.632048793560024,0.0,0.0,0.0,0.0,0.0,0.0,0.0,0.0
24_8,-12.805484375123779,-38.62306564071883,0.0,0.0,0.0,0.0,0.0,0.0,0.0,0.0
24_9,-12.805484375123779,-38.61408248787763,0.0,0.0,0.0,0.0,0.0,0.0,0.0,0.0
24_10,-12.805484375123779,-38.605099335036435,0.0,0.0,0.0,0.0,0.0,0.0,0.0,0.0
24_11,-12.805484375123779,-38.542217265148075,0.0,0.0,0.0,0.0,0.0,0.0,0.0,0.0
24_12,-12.805484375123779,-38.53323411230688,0.0,0.0,0.0,0.0,0.0,0.0,0.0,0.0
24_13,-12.805484375123779,-38.52425095946568,0.0,0.0,0.0,0.0,0.0,0.0,0.0,0.0
24_14,-12.805484375123779,-38.515267806624486,0.0,0.0,0.0,0.0,0.0,0.0,0.0,0.0
24_15,-12.805484375123779,-38.50628465378329,0.0,0.0,0.0,0.0,0.0,0.0,0.0,0.0
24_16,-12.805484375123779,-38.49730150094209,0.0,0.0,0.0,0.0,0.0,0.0,0.0,0.0
24_17,-12.805484375123779,-38.4883183481009,0.0,0.0,0.0,0.0,0.0,0.0,0.0,0.0
24_18,-12.805484375123779,-38.47933519525971,0.0,0.0,0.0,0.0,0.0,0.0,0.0,0.0
24_19,-12.805484375123779,-38.47035204241851,0.0,0.0,0.0,0.0,0.0,0.0,0.0,0.0
24_20,-12.805484375123779,-38.461368889577315,0.0,0.0,0.0,0.0,0.0,0.0,0.0,0.0
24_21,-12.805484375123779,-38.45238573673612,0.0,0.0,0.0,0.0,0.0,0.0,0.0,0.0
24_22,-12.805484375123779,-38.44340258389492,0.0,0.0,0.0,0.0,0.0,0.0,0.0,0.0
24_23,-12.805484375123779,-38.434419431053726,0.0,0.0,0.0,0.0,0.0,0.0,0.0,0.0
24_24,-12.805484375123779,-38.42543627821254,0.0,0.0,0.0,0.0,0.0,0.0,0.0,0.0
24_25,-12.805484375123779,-38.41645312537134,0.0,0.0,0.0,0.0,0.0,0.0,0.0,0.0
24_26,-12.805484375123779,-38.407469972530144,0.0,0.0,0.0,0.0,0.0,0.0,0.0,0.0
24_27,-12.805484375123779,-38.39848681968895,0.0,0.0,0.0,0.0,0.0,0.0,0.0,0.0
24_28,-12.805484375123779,-38.38950366684775,0.0,0.0,0.0,0.0,0.0,0.0,0.0,0.0
24_29,-12.805484375123779,-38.380520514006555,0.0,0.0,0.0,0.0,0.0,0.0,0.0,0.0
24_30,-12.805484375123779,-38.37153736116536,0.0,0.0,0.0,0.0,0.0,0.0,0.0,0.0
24_31,-12.805484375123779,-38.36255420832417,0.0,0.0,0.0,0.0,0.0,0.0,0.0,0.0
24_32,-12.805484375123779,-38.35357105548297,0.0,0.0,0.0,0.0,0.0,0.0,0.0,0.0
24_33,-12.805484375123779,-38.34458790264178,0.0,0.0,0.0,0.0,0.0,0.0,0.0,0.0
24_34,-12.805484375123779,-38.33560474980058,0.0,0.0,0.0,0.0,0.0,0.0,0.0,0.0
24_35,-12.805484375123779,-38.326621596959384,0.0,0.0,0.0,0.0,0.0,0.0,0.0,0.0
24_36,-12.805484375123779,-38.31763844411819,0.0,0.0,0.0,0.0,0.0,0.0,0.0,0.0
24_37,-12.805484375123779,-38.308655291277,0.0,0.0,0.0,0.0,0.0,0.0,0.0,0.0
25_0,-12.796501222282584,-38.69493086344839,0.0,0.0,0.0,0.0,0.0,0.0,0.0,0.0
25_1,-12.796501222282584,-38.685947710607195,0.0,0.0,0.0,0.0,0.0,0.0,0.0,0.0
25_2,-12.796501222282584,-38.676964557766,0.0,0.0,0.0,0.0,0.0,0.0,0.0,0.0
25_3,-12.796501222282584,-38.6679814049248,0.0,0.0,0.0,0.0,0.0,0.0,0.0,0.0
25_4,-12.796501222282584,-38.658998252083606,0.0,0.0,0.0,0.0,0.0,0.0,0.0,0.0
25_5,-12.796501222282584,-38.65001509924242,0.0,0.0,0.0,0.0,0.0,0.0,0.0,0.0
25_6,-12.796501222282584,-38.64103194640122,0.0,0.0,0.0,0.0,0.0,0.0,0.0,0.0
25_7,-12.796501222282584,-38.632048793560024,0.0,0.0,0.0,0.0,0.0,0.0,0.0,0.0
25_8,-12.796501222282584,-38.62306564071883,0.0,0.0,0.0,0.0,0.0,0.0,0.0,0.0
25_9,-12.796501222282584,-38.61408248787763,0.0,0.0,0.0,0.0,0.0,0.0,0.0,0.0
25_10,-12.796501222282584,-38.605099335036435,0.0,0.0,0.0,0.0,0.0,0.0,0.0,0.0
25_11,-12.796501222282584,-38.542217265148075,0.0,0.0,0.0,0.0,0.0,0.0,0.0,0.0
25_12,-12.796501222282584,-38.53323411230688,0.0,0.0,0.0,0.0,0.0,0.0,0.0,0.0
25_13,-12.796501222282584,-38.52425095946568,0.0,0.0,0.0,0.0,0.0,0.0,0.0,0.0
25_14,-12.796501222282584,-38.515267806624486,0.0,0.0,0.0,0.0,0.0,0.0,0.0,0.0
25_15,-12.796501222282584,-38.50628465378329,0.0,0.0,0.0,0.0,0.0,0.0,0.0,0.0
25_16,-12.796501222282584,-38.49730150094209,0.0,0.0,0.0,0.0,0.0,0.0,0.0,0.0
25_17,-12.796501222282584,-38.4883183481009,0.0,0.0,0.0,0.0,0.0,0.0,0.0,0.0
25_18,-12.796501222282584,-38.47933519525971,0.0,0.0,0.0,0.0,0.0,0.0,0.0,0.0
25_19,-12.796501222282584,-38.47035204241851,0.0,0.0,0.0,0.0,0.0,0.0,0.0,0.0
25_20,-12.796501222282584,-38.461368889577315,0.0,0.0,0.0,0.0,0.0,0.0,0.0,0.0
25_21,-12.796501222282584,-38.45238573673612,0.0,0.0,0.0,0.0,0.0,0.0,0.0,0.0
25_22,-12.796501222282584,-38.44340258389492,0.0,0.0,0.0,0.0,0.0,0.0,0.0,0.0
25_23,-12.796501222282584,-38.434419431053726,0.0,0.0,0.0,0.0,0.0,0.0,0.0,0.0
25_24,-12.796501222282584,-38.42543627821254,0.0,0.0,0.0,0.0,0.0,0.0,0.0,0.0
25_25,-12.796501222282584,-38.41645312537134,0.0,0.0,0.0,0.0,0.0,0.0,0.0,0.0
25_26,-12.796501222282584,-38.407469972530144,0.0,0.0,0.0,0.0,0.0,0.0,0.0,0.0
25_27,-12.796501222282584,-38.39848681968895,0.0,0.0,0.0,0.0,0.0,0.0,0.0,0.0
25_28,-12.796501222282584,-38.38950366684775,0.0,0.0,0.0,0.0,0.0,0.0,0.0,0.0
25_29,-12.796501222282584,-38.380520514006555,0.0,0.0,0.0,0.0,0.0,0.0,0.0,0.0
25_30,-12.796501222282584,-38.37153736116536,0.0,0.0,0.0,0.0,0.0,0.0,0.0,0.0
25_31,-12.796501222282584,-38.36255420832417,0.0,0.0,0.0,0.0,0.0,0.0,0.0,0.0
25_32,-12.796501222282584,-38.35357105548297,0.0,0.0,0.0,0.0,0.0,0.0,0.0,0.0
25_33,-12.796501222282584,-38.34458790264178,0.0,0.0,0.0,0.0,0.0,0.0,0.0,0.0
25_34,-12.796501222282584,-38.33560474980058,0.0,0.0,0.0,0.0,0.0,0.0,0.0,0.0
25_35,-12.796501222282584,-38.326621596959384,0.0,0.0,0.0,0.0,0.0,0.0,0.0,0.0
25_36,-12.796501222282584,-38.31763844411819,0.0,0.0,0.0,0.0,0.0,0.0,0.0,0.0
25_37,-12.796501222282584,-38.308655291277,0.0,0.0,0.0,0.0,0.0,0.0,0.0,0.0
26_0,-12.78751806944139,-38.69493086344839,0.0,0.0,0.0,0.0,0.0,0.0,0.0,0.0
26_1,-12.78751806944139,-38.685947710607195,0.0,0.0,0.0,0.0,0.0,0.0,0.0,0.0
26_2,-12.78751806944139,-38.676964557766,0.0,0.0,0.0,0.0,0.0,0.0,0.0,0.0
26_3,-12.78751806944139,-38.6679814049248,0.0,0.0,0.0,0.0,0.0,0.0,0.0,0.0
26_4,-12.78751806944139,-38.658998252083606,0.0,0.0,0.0,0.0,0.0,0.0,0.0,0.0
26_5,-12.78751806944139,-38.65001509924242,0.0,0.0,0.0,0.0,0.0,0.0,0.0,0.0
26_6,-12.78751806944139,-38.64103194640122,0.0,0.0,0.0,0.0,0.0,0.0,0.0,0.0
26_7,-12.78751806944139,-38.632048793560024,0.0,0.0,0.0,0.0,0.0,0.0,0.0,0.0
26_8,-12.78751806944139,-38.62306564071883,0.0,0.0,0.0,0.0,0.0,0.0,0.0,0.0
26_9,-12.78751806944139,-38.61408248787763,0.0,0.0,0.0,0.0,0.0,0.0,0.0,0.0
26_10,-12.78751806944139,-38.605099335036435,0.0,0.0,0.0,0.0,0.0,0.0,0.0,0.0
26_11,-12.78751806944139,-38.542217265148075,0.0,0.0,0.0,0.0,0.0,0.0,0.0,0.0
26_12,-12.78751806944139,-38.53323411230688,0.0,0.0,0.0,0.0,0.0,0.0,0.0,0.0
26_13,-12.78751806944139,-38.52425095946568,0.0,0.0,0.0,0.0,0.0,0.0,0.0,0.0
26_14,-12.78751806944139,-38.515267806624486,0.0,0.0,0.0,0.0,0.0,0.0,0.0,0.0
26_15,-12.78751806944139,-38.50628465378329,0.0,0.0,0.0,0.0,0.0,0.0,0.0,0.0
26_16,-12.78751806944139,-38.49730150094209,0.0,0.0,0.0,0.0,0.0,0.0,0.0,0.0
26_17,-12.78751806944139,-38.4883183481009,0.0,0.0,0.0,0.0,0.0,0.0,0.0,0.0
26_18,-12.78751806944139,-38.47933519525971,0.0,0.0,0.0,0.0,0.0,0.0,0.0,0.0
26_19,-12.78751806944139,-38.47035204241851,0.0,0.0,0.0,0.0,0.0,0.0,0.0,0.0
26_20,-12.78751806944139,-38.461368889577315,0.0,0.0,0.0,0.0,0.0,0.0,0.0,0.0
26_21,-12.78751806944139,-38.45238573673612,0.0,0.0,0.0,0.0,0.0,0.0,0.0,0.0
26_22,-12.78751806944139,-38.44340258389492,0.0,0.0,0.0,0.0,0.0,0.0,0.0,0.0
26_23,-12.78751806944139,-38.434419431053726,0.0,0.0,0.0,0.0,0.0,0.0,0.0,0.0
26_24,-12.78751806944139,-38.42543627821254,0.0,0.0,0.0,0.0,0.0,0.0,0.0,0.0
26_25,-12.78751806944139,-38.41645312537134,0.0,0.0,0.0,0.0,0.0,0.0,0.0,0.0
26_26,-12.78751806944139,-38.407469972530144,0.0,0.0,0.0,0.0,0.0,0.0,0.0,0.0
26_27,-12.78751806944139,-38.39848681968895,0.0,0.0,0.0,0.0,0.0,0.0,0.0,0.0
26_28,-12.78751806944139,-38.38950366684775,0.0,0.0,0.0,0.0,0.0,0.0,0.0,0.0
26_29,-12.78751806944139,-38.380520514006555,0.0,0.0,0.0,0.0,0.0,0.0,0.0,0.0
26_30,-12.78751806944139,-38.37153736116536,0.0,0.0,0.0,0.0,0.0,0.0,0.0,0.0
26_31,-12.78751806944139,-38.36255420832417,0.0,0.0,0.0,0.0,0.0,0.0,0.0,0.0
26_32,-12.78751806944139,-38.35357105548297,0.0,0.0,0.0,0.0,0.0,0.0,0.0,0.0
26_33,-12.78751806944139,-38.34458790264178,0.0,0.0,0.0,0.0,0.0,0.0,0.0,0.0
26_34,-12.78751806944139,-38.33560474980058,0.0,0.0,0.0,0.0,0.0,0.0,0.0,0.0
26_35,-12.78751806944139,-38.326621596959384,0.0,0.0,0.0,0.0,0.0,0.0,0.0,0.0
26_36,-12.78751806944139,-38.31763844411819,0.0,0.0,0.0,0.0,0.0,0.0,0.0,0.0
26_37,-12.78751806944139,-38.308655291277,0.0,0.0,0.0,0.0,0.0,0.0,0.0,0.0
27_0,-12.778534916600194,-38.69493086344839,0.0,0.0,0.0,0.0,0.0,0.0,0.0,0.0
27_1,-12.778534916600194,-38.685947710607195,0.0,0.0,0.0,0.0,0.0,0.0,0.0,0.0
27_2,-12.778534916600194,-38.676964557766,0.0,0.0,0.0,0.0,0.0,0.0,0.0,0.0
27_3,-12.778534916600194,-38.6679814049248,0.0,0.0,0.0,0.0,0.0,0.0,0.0,0.0
27_4,-12.778534916600194,-38.658998252083606,0.0,0.0,0.0,0.0,0.0,0.0,0.0,0.0
27_5,-12.778534916600194,-38.65001509924242,0.0,0.0,0.0,0.0,0.0,0.0,0.0,0.0
27_6,-12.778534916600194,-38.64103194640122,0.0,0.0,0.0,0.0,0.0,0.0,0.0,0.0
27_7,-12.778534916600194,-38.632048793560024,0.0,0.0,0.0,0.0,0.0,0.0,0.0,0.0
27_8,-12.778534916600194,-38.62306564071883,0.0,0.0,0.0,0.0,0.0,0.0,0.0,0.0
27_9,-12.778534916600194,-38.61408248787763,0.0,0.0,0.0,0.0,0.0,0.0,0.0,0.0
27_10,-12.778534916600194,-38.605099335036435,0.0,0.0,0.0,0.0,0.0,0.0,0.0,0.0
27_11,-12.778534916600194,-38.542217265148075,0.0,0.0,0.0,0.0,0.0,0.0,0.0,0.0
27_12,-12.778534916600194,-38.53323411230688,0.0,0.0,0.0,0.0,0.0,0.0,0.0,0.0
27_13,-12.778534916600194,-38.52425095946568,0.0,0.0,0.0,0.0,0.0,0.0,0.0,0.0
27_14,-12.778534916600194,-38.515267806624486,0.0,0.0,0.0,0.0,0.0,0.0,0.0,0.0
27_15,-12.778534916600194,-38.50628465378329,0.0,0.0,0.0,0.0,0.0,0.0,0.0,0.0
27_16,-12.778534916600194,-38.49730150094209,0.0,0.0,0.0,0.0,0.0,0.0,0.0,0.0
27_17,-12.778534916600194,-38.4883183481009,0.0,0.0,0.0,0.0,0.0,0.0,0.0,0.0
27_18,-12.778534916600194,-38.47933519525971,0.0,0.0,0.0,0.0,0.0,0.0,0.0,0.0
27_19,-12.778534916600194,-38.47035204241851,0.0,0.0,0.0,0.0,0.0,0.0,0.0,0.0
27_20,-12.778534916600194,-38.461368889577315,0.0,0.0,0.0,0.0,0.0,0.0,0.0,0.0
27_21,-12.778534916600194,-38.45238573673612,0.0,0.0,0.0,0.0,0.0,0.0,0.0,0.0
27_22,-12.778534916600194,-38.44340258389492,0.0,0.0,0.0,0.0,0.0,0.0,0.0,0.0
27_23,-12.778534916600194,-38.434419431053726,0.0,0.0,0.0,0.0,0.0,0.0,0.0,0.0
27_24,-12.778534916600194,-38.42543627821254,0.0,0.0,0.0,0.0,0.0,0.0,0.0,0.0
27_25,-12.778534916600194,-38.41645312537134,0.0,0.0,0.0,0.0,0.0,0.0,0.0,0.0
27_26,-12.778534916600194,-38.407469972530144,0.0,0.0,0.0,0.0,0.0,0.0,0.0,0.0
27_27,-12.778534916600194,-38.39848681968895,0.0,0.0,0.0,0.0,0.0,0.0,0.0,0.0
27_28,-12.778534916600194,-38.38950366684775,0.0,0.0,0.0,0.0,0.0,0.0,0.0,0.0
27_29,-12.778534916600194,-38.380520514006555,0.0,0.0,0.0,0.0,0.0,0.0,0.0,0.0
27_30,-12.778534916600194,-38.37153736116536,0.0,0.0,0.0,0.0,0.0,0.0,0.0,0.0
27_31,-12.778534916600194,-38.36255420832417,0.0,0.0,0.0,0.0,0.0,0.0,0.0,0.0
27_32,-12.778534916600194,-38.35357105548297,0.0,0.0,0.0,0.0,0.0,0.0,0.0,0.0
27_33,-12.778534916600194,-38.34458790264178,0.0,0.0,0.0,0.0,0.0,0.0,0.0,0.0
27_34,-12.778534916600194,-38.33560474980058,0.0,0.0,0.0,0.0,0.0,0.0,0.0,0.0
27_35,-12.778534916600194,-38.326621596959384,0.0,0.0,0.0,0.0,0.0,0.0,0.0,0.0
27_36,-12.778534916600194,-38.31763844411819,0.0,0.0,0.0,0.0,0.0,0.0,0.0,0.0
27_37,-12.778534916600194,-38.308655291277,0.0,0.0,0.0,0.0,0.0,0.0,0.0,0.0
28_0,-12.769551763758999,-38.69493086344839,0.0,0.0,0.0,0.0,0.0,0.0,0.0,0.0
28_1,-12.769551763758999,-38.685947710607195,0.0,0.0,0.0,0.0,0.0,0.0,0.0,0.0
28_2,-12.769551763758999,-38.676964557766,0.0,0.0,0.0,0.0,0.0,0.0,0.0,0.0
28_3,-12.769551763758999,-38.6679814049248,0.0,0.0,0.0,0.0,0.0,0.0,0.0,0.0
28_4,-12.769551763758999,-38.658998252083606,0.0,0.0,0.0,0.0,0.0,0.0,0.0,0.0
28_5,-12.769551763758999,-38.65001509924242,0.0,0.0,0.0,0.0,0.0,0.0,0.0,0.0
28_6,-12.769551763758999,-38.64103194640122,0.0,0.0,0.0,0.0,0.0,0.0,0.0,0.0
28_7,-12.769551763758999,-38.632048793560024,0.0,0.0,0.0,0.0,0.0,0.0,0.0,0.0
28_8,-12.769551763758999,-38.62306564071883,0.0,0.0,0.0,0.0,0.0,0.0,0.0,0.0
28_9,-12.769551763758999,-38.61408248787763,0.0,0.0,0.0,0.0,0.0,0.0,0.0,0.0
28_10,-12.769551763758999,-38.605099335036435,0.0,0.0,0.0,0.0,0.0,0.0,0.0,0.0
28_11,-12.769551763758999,-38.542217265148075,0.0,0.0,0.0,0.0,0.0,0.0,0.0,0.0
28_12,-12.769551763758999,-38.53323411230688,0.0,0.0,0.0,0.0,0.0,0.0,0.0,0.0
28_13,-12.769551763758999,-38.52425095946568,0.0,0.0,0.0,0.0,0.0,0.0,0.0,0.0
28_14,-12.769551763758999,-38.515267806624486,0.0,0.0,0.0,0.0,0.0,0.0,0.0,0.0
28_15,-12.769551763758999,-38.50628465378329,0.0,0.0,0.0,0.0,0.0,0.0,0.0,0.0
28_16,-12.769551763758999,-38.49730150094209,0.0,0.0,0.0,0.0,0.0,0.0,0.0,0.0
28_17,-12.769551763758999,-38.4883183481009,0.0,0.0,0.0,0.0,0.0,0.0,0.0,0.0
28_18,-12.769551763758999,-38.47933519525971,0.0,0.0,0.0,0.0,0.0,0.0,0.0,0.0
28_19,-12.769551763758999,-38.47035204241851,0.0,0.0,0.0,0.0,0.0,0.0,0.0,0.0
28_20,-12.769551763758999,-38.461368889577315,0.0,0.0,0.0,0.0,0.0,0.0,0.0,0.0
28_21,-12.769551763758999,-38.45238573673612,0.0,0.0,0.0,0.0,0.0,0.0,0.0,0.0
28_22,-12.769551763758999,-38.44340258389492,0.0,0.0,0.0,0.0,0.0,0.0,0.0,0.0
28_23,-12.769551763758999,-38.434419431053726,0.0,0.0,0.0,0.0,0.0,0.0,0.0,0.0
28_24,-12.769551763758999,-38.42543627821254,0.0,0.0,0.0,0.0,0.0,0.0,0.0,0.0
28_25,-12.769551763758999,-38.41645312537134,0.0,0.0,0.0,0.0,0.0,0.0,0.0,0.0
28_26,-12.769551763758999,-38.407469972530144,0.0,0.0,0.0,0.0,0.0,0.0,0.0,0.0
28_27,-12.769551763758999,-38.39848681968895,0.0,0.0,0.0,0.0,0.0,0.0,0.0,0.0
28_28,-12.769551763758999,-38.38950366684775,0.0,0.0,0.0,0.0,0.0,0.0,0.0,0.0
28_29,-12.769551763758999,-38.380520514006555,0.0,0.0,0.0,0.0,0.0,0.0,0.0,0.0
28_30,-12.769551763758999,-38.37153736116536,0.0,0.0,0.0,0.0,0.0,0.0,0.0,0.0
28_31,-12.769551763758999,-38.36255420832417,0.0,0.0,0.0,0.0,0.0,0.0,0.0,0.0
28_32,-12.769551763758999,-38.35357105548297,0.0,0.0,0.0,0.0,0.0,0.0,0.0,0.0
28_33,-12.769551763758999,-38.34458790264178,0.0,0.0,0.0,0.0,0.0,0.0,0.0,0.0
28_34,-12.769551763758999,-38.33560474980058,0.0,0.0,0.0,0.0,0.0,0.0,0.0,0.0
28_35,-12.769551763758999,-38.326621596959384,0.0,0.0,0.0,0.0,0.0,0.0,0.0,0.0
28_36,-12.769551763758999,-38.31763844411819,0.0,0.0,0.0,0.0,0.0,0.0,0.0,0.0
28_37,-12.769551763758999,-38.308655291277,0.0,0.0,0.0,0.0,0.0,0.0,0.0,0.0
29_0,-12.760568610917803,-38.69493086344839,0.0,0.0,0.0,0.0,0.0,0.0,0.0,0.0
29_1,-12.760568610917803,-38.685947710607195,0.0,0.0,0.0,0.0,0.0,0.0,0.0,0.0
29_2,-12.760568610917803,-38.676964557766,0.0,0.0,0.0,0.0,0.0,0.0,0.0,0.0
29_3,-12.760568610917803,-38.6679814049248,0.0,0.0,0.0,0.0,0.0,0.0,0.0,0.0
29_4,-12.760568610917803,-38.658998252083606,0.0,0.0,0.0,0.0,0.0,0.0,0.0,0.0
29_5,-12.760568610917803,-38.65001509924242,0.0,0.0,0.0,0.0,0.0,0.0,0.0,0.0
29_6,-12.760568610917803,-38.64103194640122,0.0,0.0,0.0,0.0,0.0,0.0,0.0,0.0
29_7,-12.760568610917803,-38.632048793560024,0.0,0.0,0.0,0.0,0.0,0.0,0.0,0.0
29_8,-12.760568610917803,-38.62306564071883,0.0,0.0,0.0,0.0,0.0,0.0,0.0,0.0
29_9,-12.760568610917803,-38.61408248787763,0.0,0.0,0.0,0.0,0.0,0.0,0.0,0.0
29_10,-12.760568610917803,-38.605099335036435,0.0,0.0,0.0,0.0,0.0,0.0,0.0,0.0
29_11,-12.760568610917803,-38.542217265148075,0.0,0.0,0.0,0.0,0.0,0.0,0.0,0.0
29_12,-12.760568610917803,-38.53323411230688,0.0,0.0,0.0,0.0,0.0,0.0,0.0,0.0
29_13,-12.760568610917803,-38.52425095946568,0.0,0.0,0.0,0.0,0.0,0.0,0.0,0.0
29_14,-12.760568610917803,-38.515267806624486,0.0,0.0,0.0,0.0,0.0,0.0,0.0,0.0
29_15,-12.760568610917803,-38.50628465378329,0.0,0.0,0.0,0.0,0.0,0.0,0.0,0.0
29_16,-12.760568610917803,-38.49730150094209,0.0,0.0,0.0,0.0,0.0,0.0,0.0,0.0
29_17,-12.760568610917803,-38.4883183481009,0.0,0.0,0.0,0.0,0.0,0.0,0.0,0.0
29_18,-12.760568610917803,-38.47933519525971,0.0,0.0,0.0,0.0,0.0,0.0,0.0,0.0
29_19,-12.760568610917803,-38.47035204241851,0.0,0.0,0.0,0.0,0.0,0.0,0.0,0.0
29_20,-12.760568610917803,-38.461368889577315,0.0,0.0,0.0,0.0,0.0,0.0,0.0,0.0
29_21,-12.760568610917803,-38.45238573673612,0.0,0.0,0.0,0.0,0.0,0.0,0.0,0.0
29_22,-12.760568610917803,-38.44340258389492,0.0,0.0,0.0,0.0,0.0,0.0,0.0,0.0
29_23,-12.760568610917803,-38.434419431053726,0.0,0.0,0.0,0.0,0.0,0.0,0.0,0.0
29_24,-12.760568610917803,-38.42543627821254,0.0,0.0,0.0,0.0,0.0,0.0,0.0,0.0
29_25,-12.760568610917803,-38.41645312537134,0.0,0.0,0.0,0.0,0.0,0.0,0.0,0.0
29_26,-12.760568610917803,-38.407469972530144,0.0,0.0,0.0,0.0,0.0,0.0,0.0,0.0
29_27,-12.760568610917803,-38.39848681968895,0.0,0.0,0.0,0.0,0.0,0.0,0.0,0.0
29_28,-12.760568610917803,-38.38950366684775,0.0,0.0,0.0,0.0,0.0,0.0,0.0,0.0
29_29,-12.760568610917803,-38.380520514006555,0.0,0.0,0.0,0.0,0.0,0.0,0.0,0.0
29_30,-12.760568610917803,-38.37153736116536,0.0,0.0,0.0,0.0,0.0,0.0,0.0,0.0
29_31,-12.760568610917803,-38.36255420832417,0.0,0.0,0.0,0.0,0.0,0.0,0.0,0.0
29_32,-12.760568610917803,-38.35357105548297,0.0,0.0,0.0,0.0,0.0,0.0,0.0,0.0
29_33,-12.760568610917803,-38.34458790264178,0.0,0.0,0.0,0.0,0.0,0.0,0.0,0.0
29_34,-12.760568610917803,-38.33560474980058,0.0,0.0,0.0,0.0,0.0,0.0,0.0,0.0
29_35,-12.760568610917803,-38.326621596959384,0.0,0.0,0.0,0.0,0.0,0.0,0.0,0.0
29_36,-12.760568610917803,-38.31763844411819,0.0,0.0,0.0,0.0,0.0,0.0,0.0,0.0
29_37,-12.760568610917803,-38.308655291277,0.0,0.0,0.0,0.0,0.0,0.0,0.0,0.0
30_0,-12.751585458076608,-38.69493086344839,0.0,0.0,0.0,0.0,0.0,0.0,0.0,0.0
30_1,-12.751585458076608,-38.685947710607195,0.0,0.0,0.0,0.0,0.0,0.0,0.0,0.0
30_2,-12.751585458076608,-38.676964557766,0.0,0.0,0.0,0.0,0.0,0.0,0.0,0.0
30_3,-12.751585458076608,-38.6679814049248,0.0,0.0,0.0,0.0,0.0,0.0,0.0,0.0
30_4,-12.751585458076608,-38.658998252083606,0.0,0.0,0.0,0.0,0.0,0.0,0.0,0.0
30_5,-12.751585458076608,-38.65001509924242,0.0,0.0,0.0,0.0,0.0,0.0,0.0,0.0
30_6,-12.751585458076608,-38.64103194640122,0.0,0.0,0.0,0.0,0.0,0.0,0.0,0.0
30_7,-12.751585458076608,-38.632048793560024,0.0,0.0,0.0,0.0,0.0,0.0,0.0,0.0
30_8,-12.751585458076608,-38.62306564071883,0.0,0.0,0.0,0.0,0.0,0.0,0.0,0.0
30_9,-12.751585458076608,-38.61408248787763,0.0,0.0,0.0,0.0,0.0,0.0,0.0,0.0
30_10,-12.751585458076608,-38.605099335036435,0.0,0.0,0.0,0.0,0.0,0.0,0.0,0.0
30_11,-12.751585458076608,-38.542217265148075,0.0,0.0,0.0,0.0,0.0,0.0,0.0,0.0
30_12,-12.751585458076608,-38.53323411230688,0.0,0.0,0.0,0.0,0.0,0.0,0.0,0.0
30_13,-12.751585458076608,-38.52425095946568,0.0,0.0,0.0,0.0,0.0,0.0,0.0,0.0
30_14,-12.751585458076608,-38.515267806624486,0.0,0.0,0.0,0.0,0.0,0.0,0.0,0.0
30_15,-12.751585458076608,-38.50628465378329,0.0,0.0,0.0,0.0,0.0,0.0,0.0,0.0
30_16,-12.751585458076608,-38.49730150094209,0.0,0.0,0.0,0.0,0.0,0.0,0.0,0.0
30_17,-12.751585458076608,-38.4883183481009,0.0,0.0,0.0,0.0,0.0,0.0,0.0,0.0
30_18,-12.751585458076608,-38.47933519525971,0.0,0.0,0.0,0.0,0.0,0.0,0.0,0.0
30_19,-12.751585458076608,-38.47035204241851,0.0,0.0,0.0,0.0,0.0,0.0,0.0,0.0
30_20,-12.751585458076608,-38.461368889577315,0.0,0.0,0.0,0.0,0.0,0.0,0.0,0.0
30_21,-12.751585458076608,-38.45238573673612,0.0,0.0,0.0,0.0,0.0,0.0,0.0,0.0
30_22,-12.751585458076608,-38.44340258389492,0.0,0.0,0.0,0.0,0.0,0.0,0.0,0.0
30_23,-12.751585458076608,-38.434419431053726,0.0,0.0,0.0,0.0,0.0,0.0,0.0,0.0
30_24,-12.751585458076608,-38.42543627821254,0.0,0.0,0.0,0.0,0.0,0.0,0.0,0.0
30_25,-12.751585458076608,-38.41645312537134,0.0,0.0,0.0,0.0,0.0,0.0,0.0,0.0
30_26,-12.751585458076608,-38.407469972530144,0.0,0.0,0.0,0.0,0.0,0.0,0.0,0.0
30_27,-12.751585458076608,-38.39848681968895,0.0,0.0,0.0,0.0,0.0,0.0,0.0,0.0
30_28,-12.751585458076608,-38.38950366684775,0.0,0.0,0.0,0.0,0.0,0.0,0.0,0.0
30_29,-12.751585458076608,-38.380520514006555,0.0,0.0,0.0,0.0,0.0,0.0,0.0,0.0
30_30,-12.751585458076608,-38.37153736116536,0.0,0.0,0.0,0.0,0.0,0.0,0.0,0.0
30_31,-12.751585458076608,-38.36255420832417,0.0,0.0,0.0,0.0,0.0,0.0,0.0,0.0
30_32,-12.751585458076608,-38.35357105548297,0.0,0.0,0.0,0.0,0.0,0.0,0.0,0.0
30_33,-12.751585458076608,-38.34458790264178,0.0,0.0,0.0,0.0,0.0,0.0,0.0,0.0
30_34,-12.751585458076608,-38.33560474980058,0.0,0.0,0.0,0.0,0.0,0.0,0.0,0.0
30_35,-12.751585458076608,-38.326621596959384,0.0,0.0,0.0,0.0,0.0,0.0,0.0,0.0
30_36,-12.751585458076608,-38.31763844411819,0.0,0.0,0.0,0.0,0.0,0.0,0.0,0.0
30_37,-12.751585458076608,-38.308655291277,0.0,0.0,0.0,0.0,0.0,0.0,0.0,0.0
31_0,-12.742602305235414,-38.69493086344839,0.0,0.0,0.0,0.0,0.0,0.0,0.0,0.0
31_1,-12.742602305235414,-38.685947710607195,0.0,0.0,0.0,0.0,0.0,0.0,0.0,0.0
31_2,-12.742602305235414,-38.676964557766,0.0,0.0,0.0,0.0,0.0,0.0,0.0,0.0
31_3,-12.742602305235414,-38.6679814049248,0.0,0.0,0.0,0.0,0.0,0.0,0.0,0.0
31_4,-12.742602305235414,-38.658998252083606,0.0,0.0,0.0,0.0,0.0,0.0,0.0,0.0
31_5,-12.742602305235414,-38.65001509924242,0.0,0.0,0.0,0.0,0.0,0.0,0.0,0.0
31_6,-12.742602305235414,-38.64103194640122,0.0,0.0,0.0,0.0,0.0,0.0,0.0,0.0
31_7,-12.742602305235414,-38.632048793560024,0.0,0.0,0.0,0.0,0.0,0.0,0.0,0.0
31_8,-12.742602305235414,-38.62306564071883,0.0,0.0,0.0,0.0,0.0,0.0,0.0,0.0
31_9,-12.742602305235414,-38.61408248787763,0.0,0.0,0.0,0.0,0.0,0.0,0.0,0.0
31_10,-12.742602305235414,-38.605099335036435,0.0,0.0,0.0,0.0,0.0,0.0,0.0,0.0
31_11,-12.742602305235414,-38.542217265148075,0.0,0.0,0.0,0.0,0.0,0.0,0.0,0.0
31_12,-12.742602305235414,-38.53323411230688,0.0,0.0,0.0,0.0,0.0,0.0,0.0,0.0
31_13,-12.742602305235414,-38.52425095946568,0.0,0.0,0.0,0.0,0.0,0.0,0.0,0.0
31_14,-12.742602305235414,-38.515267806624486,0.0,0.0,0.0,0.0,0.0,0.0,0.0,0.0
31_15,-12.742602305235414,-38.50628465378329,0.0,0.0,0.0,0.0,0.0,0.0,0.0,0.0
31_16,-12.742602305235414,-38.49730150094209,0.0,0.0,0.0,0.0,0.0,0.0,0.0,0.0
31_17,-12.742602305235414,-38.4883183481009,0.0,0.0,0.0,0.0,0.0,0.0,0.0,0.0
31_18,-12.742602305235414,-38.47933519525971,0.0,0.0,0.0,0.0,0.0,0.0,0.0,0.0
31_19,-12.742602305235414,-38.47035204241851,0.0,0.0,0.0,0.0,0.0,0.0,0.0,0.0
31_20,-12.742602305235414,-38.461368889577315,0.0,0.0,0.0,0.0,0.0,0.0,0.0,0.0
31_21,-12.742602305235414,-38.45238573673612,0.0,0.0,0.0,0.0,0.0,0.0,0.0,0.0
31_22,-12.742602305235414,-38.44340258389492,0.0,0.0,0.0,0.0,0.0,0.0,0.0,0.0
31_23,-12.742602305235414,-38.434419431053726,0.0,0.0,0.0,0.0,0.0,0.0,0.0,0.0
31_24,-12.742602305235414,-38.42543627821254,0.0,0.0,0.0,0.0,0.0,0.0,0.0,0.0
31_25,-12.742602305235414,-38.41645312537134,0.0,0.0,0.0,0.0,0.0,0.0,0.0,0.0
31_26,-12.742602305235414,-38.407469972530144,0.0,0.0,0.0,0.0,0.0,0.0,0.0,0.0
31_27,-12.742602305235414,-38.39848681968895,0.0,0.0,0.0,0.0,0.0,0.0,0.0,0.0
31_28,-12.742602305235414,-38.38950366684775,0.0,0.0,0.0,0.0,0.0,0.0,0.0,0.0
31_29,-12.742602305235414,-38.380520514006555,0.0,0.0,0.0,0.0,0.0,0.0,0.0,0.0
31_30,-12.742602305235414,-38.37153736116536,0.0,0.0,0.0,0.0,0.0,0.0,0.0,0.0
31_31,-12.742602305235414,-38.36255420832417,0.0,0.0,0.0,0.0,0.0,0.0,0.0,0.0
31_32,-12.742602305235414,-38.35357105548297,0.0,0.0,0.0,0.0,0.0,0.0,0.0,0.0
31_33,-12.742602305235414,-38.34458790264178,0.0,0.0,0.0,0.0,0.0,0.0,0.0,0.0
31_34,-12.742602305235414,-38.33560474980058,0.0,0.0,0.0,0.0,0.0,0.0,0.0,0.0
31_35,-12.742602305235414,-38.326621596959384,0.0,0.0,0.0,0.0,0.0,0.0,0.0,0.0
31_36,-12.742602305235414,-38.31763844411819,0.0,0.0,0.0,0.0,0.0,0.0,0.0,0.0
31_37,-12.742602305235414,-38.308655291277,0.0,0.0,0.0,0.0,0.0,0.0,0.0,0.0
32_0,-12.733619152394217,-38.69493086344839,0.0,0.0,0.0,0.0,0.0,0.0,0.0,0.0
32_1,-12.733619152394217,-38.685947710607195,0.0,0.0,0.0,0.0,0.0,0.0,0.0,0.0
32_2,-12.733619152394217,-38.676964557766,0.0,0.0,0.0,0.0,0.0,0.0,0.0,0.0
32_3,-12.733619152394217,-38.6679814049248,0.0,0.0,0.0,0.0,0.0,0.0,0.0,0.0
32_4,-12.733619152394217,-38.658998252083606,0.0,0.0,0.0,0.0,0.0,0.0,0.0,0.0
32_5,-12.733619152394217,-38.65001509924242,0.0,0.0,0.0,0.0,0.0,0.0,0.0,0.0
32_6,-12.733619152394217,-38.64103194640122,0.0,0.0,0.0,0.0,0.0,0.0,0.0,0.0
32_7,-12.733619152394217,-38.632048793560024,0.0,0.0,0.0,0.0,0.0,0.0,0.0,0.0
32_8,-12.733619152394217,-38.62306564071883,0.0,0.0,0.0,0.0,0.0,0.0,0.0,0.0
32_9,-12.733619152394217,-38.61408248787763,0.0,0.0,0.0,0.0,0.0,0.0,0.0,0.0
32_10,-12.733619152394217,-38.605099335036435,0.0,0.0,0.0,0.0,0.0,0.0,0.0,0.0
32_11,-12.733619152394217,-38.542217265148075,0.0,0.0,0.0,0.0,0.0,0.0,0.0,0.0
32_12,-12.733619152394217,-38.53323411230688,0.0,0.0,0.0,0.0,0.0,0.0,0.0,0.0
32_13,-12.733619152394217,-38.52425095946568,0.0,0.0,0.0,0.0,0.0,0.0,0.0,0.0
32_14,-12.733619152394217,-38.515267806624486,0.0,0.0,0.0,0.0,0.0,0.0,0.0,0.0
32_15,-12.733619152394217,-38.50628465378329,0.0,0.0,0.0,0.0,0.0,0.0,0.0,0.0
32_16,-12.733619152394217,-38.49730150094209,0.0,0.0,0.0,0.0,0.0,0.0,0.0,0.0
32_17,-12.733619152394217,-38.4883183481009,0.0,0.0,0.0,0.0,0.0,0.0,0.0,0.0
32_18,-12.733619152394217,-38.47933519525971,0.0,0.0,0.0,0.0,0.0,0.0,0.0,0.0
32_19,-12.733619152394217,-38.47035204241851,0.0,0.0,0.0,0.0,0.0,0.0,0.0,0.0
32_20,-12.733619152394217,-38.461368889577315,0.0,0.0,0.0,0.0,0.0,0.0,0.0,0.0
32_21,-12.733619152394217,-38.45238573673612,0.0,0.0,0.0,0.0,0.0,0.0,0.0,0.0
32_22,-12.733619152394217,-38.44340258389492,0.0,0.0,0.0,0.0,0.0,0.0,0.0,0.0
32_23,-12.733619152394217,-38.434419431053726,0.0,0.0,0.0,0.0,0.0,0.0,0.0,0.0
32_24,-12.733619152394217,-38.42543627821254,0.0,0.0,0.0,0.0,0.0,0.0,0.0,0.0
32_25,-12.733619152394217,-38.41645312537134,0.0,0.0,0.0,0.0,0.0,0.0,0.0,0.0
32_26,-12.733619152394217,-38.407469972530144,0.0,0.0,0.0,0.0,0.0,0.0,0.0,0.0
32_27,-12.733619152394217,-38.39848681968895,0.0,0.0,0.0,0.0,0.0,0.0,0.0,0.0
32_28,-12.733619152394217,-38.38950366684775,0.0,0.0,0.0,0.0,0.0,0.0,0.0,0.0
32_29,-12.733619152394217,-38.380520514006555,0.0,0.0,0.0,0.0,0.0,0.0,0.0,0.0
32_30,-12.733619152394217,-38.37153736116536,0.0,0.0,0.0,0.0,0.0,0.0,0.0,0.0
32_31,-12.733619152394217,-38.36255420832417,0.0,0.0,0.0,0.0,0.0,0.0,0.0,0.0
32_32,-12.733619152394217,-38.35357105548297,0.0,0.0,0.0,0.0,0.0,0.0,0.0,0.0
32_33,-12.733619152394217,-38.34458790264178,0.0,0.0,0.0,0.0,0.0,0.0,0.0,0.0
32_34,-12.733619152394217,-38.33560474980058,0.0,0.0,0.0,0.0,0.0,0.0,0.0,0.0
32_35,-12.733619152394217,-38.326621596959384,0.0,0.0,0.0,0.0,0.0,0.0,0.0,0.0
32_36,-12.733619152394217,-38.31763844411819,0.0,0.0,0.0,0.0,0.0,0.0,0.0,0.0
32_37,-12.733619152394217,-38.308655291277,0.0,0.0,0.0,0.0,0.0,0.0,0.0,0.0
