date,tmin,tmax,tavg
2018-01-01,22.160912,39.27932,30.720116
2018-01-02,23.865892,25.512709,24.6893
2018-01-03,24.79942,24.366112,24.582766
2018-01-04,24.059504,27.944267,26.001884
2018-01-05,23.85801,14.536545,19.197277
2018-01-06,23.719917,25.360466,24.540192
2018-01-07,23.783817,24.451992,24.117905
2018-01-08,23.724482,23.603903,23.664192
2018-01-09,23.570456,17.520433,20.545444
2018-01-10,24.290707,6.486628,15.388667
2018-01-11,23.111204,21.281311,22.196259
2018-01-12,23.031368,22.094938,22.563152
2018-01-13,23.817924,17.60274,20.710331
2018-01-14,24.282408,19.693605,21.988007
2018-01-15,23.915768,25.24817,24.58197
2018-01-16,22.981827,12.81329,17.897558
2018-01-17,24.216349,25.810879,25.013615
2018-01-18,23.018587,15.20216,19.110374
2018-01-19,25.853859,40.100163,32.977013
2018-01-20,23.931036,27.737873,25.834454
2018-01-21,25.029211,34.892025,29.960617
2018-01-22,23.906805,39.52467,31.715736
2018-01-23,24.277262,33.746346,29.011803
2018-01-24,23.175516,31.67442,27.424969
2018-01-25,22.635935,34.30739,28.47166
2018-01-26,22.49892,32.625584,27.562252
2018-01-27,25.023901,28.310465,26.667183
2018-01-28,24.20224,19.079403,21.640821
2018-01-29,24.324064,17.770266,21.047165
2018-01-30,24.526972,30.760881,27.643927
2018-01-31,22.327387,26.903238,24.615313
2018-02-01,23.2639,27.416197,25.34005
2018-02-02,23.270538,24.624004,23.947271
2018-02-03,22.921577,29.68297,26.302273
2018-02-04,23.678589,21.997923,22.838257
2018-02-05,23.351868,25.163206,24.257538
2018-02-06,23.286722,24.375082,23.830902
2018-02-07,24.151701,19.501661,21.826681
2018-02-08,23.819336,27.255648,25.53749
2018-02-09,23.75054,23.749584,23.750061
2018-02-10,24.24,19.727327,21.983664
2018-02-11,24.20307,27.455814,25.829441
2018-02-12,23.276682,28.669851,25.973267
2018-02-13,24.00083,28.7304,26.365616
2018-02-14,21.912697,31.618275,26.765486
2018-02-15,23.77029,27.364035,25.567162
2018-02-16,21.862822,28.530897,25.19686
2018-02-17,24.540333,27.42824,25.984287
2018-02-18,23.574024,24.434052,24.004038
2018-02-19,24.221909,26.154404,25.188156
2018-02-20,24.464066,22.457644,23.460854
2018-02-21,24.742489,21.668938,23.205713
2018-02-22,24.081907,14.982973,19.53244
2018-02-23,24.221827,18.524086,21.372955
2018-02-24,23.907469,18.709633,21.308552
2018-02-25,23.707884,26.40083,25.054356
2018-02-26,22.669544,15.618275,19.14391
2018-02-27,22.368216,13.108631,17.738422
2018-02-28,22.932447,23.639284,23.285866
2018-03-01,25.259253,37.200336,31.229794
2018-03-02,24.267635,30.936127,27.601881
2018-03-03,23.660582,30.699997,27.18029
2018-03-04,24.01195,31.481812,27.74688
2018-03-05,21.711203,40.0,30.855602
2018-03-06,23.968466,29.900082,26.934273
2018-03-07,25.870293,34.5,30.185146
2018-03-08,24.395271,32.900417,28.647844
2018-03-09,23.535685,34.867443,29.201565
2018-03-10,24.127718,27.727655,25.927687
2018-03-11,24.252117,34.78123,29.516674
2018-03-12,23.320082,32.99161,28.155846
2018-03-13,23.954025,35.010883,29.482454
2018-03-14,21.89693,34.3755,28.136215
2018-03-15,24.92921,32.053486,28.491348
2018-03-16,23.385311,34.10864,28.746975
2018-03-17,23.9883,28.260132,26.124216
2018-03-18,23.5444,25.41005,24.477224
2018-03-19,23.671703,33.489117,28.58041
2018-03-20,22.994854,36.422256,29.708555
2018-03-21,24.61087,39.776493,32.19368
2018-03-22,23.881245,36.345932,30.113588
2018-03-23,22.344315,34.424835,28.384575
2018-03-24,23.047384,24.87417,23.960777
2018-03-25,22.42996,27.700497,25.065228
2018-03-26,20.919668,23.88098,22.400324
2018-03-27,24.089376,25.66254,24.875957
2018-03-28,23.59112,24.113623,23.852371
2018-03-29,24.09585,29.085632,26.59074
2018-03-30,24.15859,24.368355,24.263474
2018-03-31,23.979418,24.11711,24.048264
2018-04-02,23.459835,18.91171,21.185772
2018-04-03,23.562904,18.255648,20.909275
2018-04-04,24.629211,26.340696,25.484955
2018-04-05,24.68498,8.661961,16.67347
2018-04-06,24.200994,38.811462,31.50623
2018-04-07,24.050373,35.693687,29.87203
2018-04-08,23.509876,27.229567,25.36972
2018-04-09,23.155602,32.86744,28.01152
2018-04-10,22.520996,19.933306,21.22715
2018-04-11,22.659834,25.158472,23.909153
2018-04-12,22.107801,27.021843,24.564823
2018-04-13,23.49253,11.74784,17.620186
2018-04-14,23.787136,32.672756,28.229946
2018-04-15,24.560083,22.036215,23.29815
2018-04-16,23.454275,28.49128,25.972778
2018-04-17,22.911783,22.384136,22.64796
2018-04-18,22.753609,26.949335,24.85147
2018-04-19,21.978174,20.28696,21.132568
2018-04-20,19.824066,27.888866,23.856466
2018-04-21,21.67187,22.467855,22.069862
2018-04-22,23.027718,18.492525,20.76012
2018-04-23,22.060335,16.84186,19.451097
2018-04-24,22.992615,29.6299,26.311256
2018-04-25,21.114273,5.8293185,13.471796
2018-04-26,20.886889,21.099752,20.99332
2018-04-27,22.559917,22.824835,22.692375
2018-04-28,21.472944,31.908222,26.690582
2018-04-29,22.217924,24.929317,23.57362
2018-04-30,20.938423,25.78646,23.362442
2018-05-01,22.478174,23.940615,23.209394
2018-05-02,22.380083,32.499584,27.439835
2018-05-03,23.627968,21.628407,22.628187
2018-05-04,23.331453,26.893938,25.112696
2018-05-05,22.296515,28.05274,25.174627
2018-05-06,21.004978,26.454237,23.729607
2018-05-07,19.904064,24.645763,22.274914
2018-05-08,21.775934,19.669186,20.72256
2018-05-09,21.713362,23.85573,22.784546
2018-05-10,20.83137,25.029736,22.930553
2018-05-11,21.137178,24.935797,23.036488
2018-05-12,21.50556,20.717606,21.111584
2018-05-13,23.391037,19.140532,21.265785
2018-05-14,22.275269,25.549915,23.912592
2018-05-15,22.773777,35.99834,29.386059
2018-05-16,22.540167,29.707642,26.123905
2018-05-17,22.63502,31.274002,26.95451
2018-05-18,23.147137,29.244644,26.19589
2018-05-19,22.183817,41.867687,32.025753
2018-05-20,23.074774,26.759716,24.917244
2018-05-21,22.86888,32.234802,27.551842
2018-05-22,25.161245,22.69975,23.930498
2018-05-23,21.494938,24.993105,23.244022
2018-05-24,21.773361,17.884468,19.828915
2018-05-25,21.410954,23.636877,22.523914
2018-05-26,20.106556,14.571097,17.338827
2018-05-27,20.502325,25.62608,23.064201
2018-05-28,21.099005,17.306147,19.202576
2018-05-29,20.47726,25.687458,23.08236
2018-05-30,20.502491,27.006397,23.754444
2018-05-31,20.005476,23.780897,21.893187
2018-06-01,21.875437,30.313124,26.09428
2018-06-02,21.416183,32.349167,26.882675
2018-06-03,21.20058,25.894602,23.547592
2018-06-04,22.652697,22.186047,22.419373
2018-06-05,20.18166,20.175581,20.17862
2018-06-06,21.831951,22.707476,22.269714
2018-06-07,22.45502,17.463123,19.959072
2018-06-08,21.312033,21.707308,21.50967
2018-06-09,22.261494,25.506397,23.883945
2018-06-10,22.183071,36.378822,29.280947
2018-06-11,21.453857,17.917608,19.685734
2018-06-12,21.35054,34.89767,28.124105
2018-06-13,20.336432,37.96711,29.151772
2018-06-14,20.782572,26.027824,23.405197
2018-06-15,21.0,43.92218,32.46109
2018-06-16,20.515934,33.361046,26.93849
2018-06-17,21.364897,26.663456,24.014175
2018-06-18,20.290289,27.737457,24.013874
2018-06-19,20.214273,22.054441,21.134357
2018-06-20,19.654108,31.277576,25.465843
2018-06-21,19.079668,29.400002,24.239834
2018-06-22,21.067554,29.027079,25.047318
2018-06-23,18.711287,24.23588,21.473583
2018-06-24,21.317926,32.446342,26.882133
2018-06-25,21.007053,31.435715,26.221384
2018-06-26,20.705063,26.259384,23.482224
2018-06-27,18.798672,32.398506,25.598589
2018-06-28,20.249542,29.921593,25.085567
2018-06-29,19.859089,27.604488,23.731789
2018-06-30,20.446556,22.980232,21.713394
2018-07-02,19.169874,30.198174,24.684025
2018-07-03,21.167551,28.615614,24.891582
2018-07-04,20.793776,28.16196,24.477867
2018-07-05,20.251036,26.40515,23.328093
2018-07-06,21.624563,28.286295,24.95543
2018-07-07,21.66191,26.680815,24.171362
2018-07-08,20.448465,42.10955,31.279007
2018-07-09,21.00141,27.27284,24.137125
2018-07-10,21.079168,30.858805,25.968987
2018-07-11,19.853859,30.10432,24.97909
2018-07-12,20.36639,31.21246,25.789425
2018-07-13,18.914024,31.266527,25.090275
2018-07-14,19.442158,34.200996,26.821577
2018-07-15,19.300913,31.38131,25.34111
2018-07-16,18.26415,15.797592,17.030872
2018-07-17,18.548632,18.61852,18.583576
2018-07-18,20.061161,21.512875,20.787018
2018-07-19,20.225893,14.5325575,17.379225
2018-07-20,19.139336,34.825665,26.9825
2018-07-21,18.989128,30.461464,24.725296
2018-07-22,20.031618,54.524086,37.27785
2018-07-23,20.17444,34.62442,27.39943
2018-07-24,20.971119,50.9745,35.97281
2018-07-25,21.676266,38.404156,30.04021
2018-07-26,19.469791,42.664116,31.066954
2018-07-27,20.029959,43.87807,31.954014
2018-07-28,20.318008,41.95415,31.13608
2018-07-29,18.301992,48.623425,33.462708
2018-07-30,20.505644,33.910374,27.208008
2018-07-31,20.007635,34.77799,27.39281
2018-08-01,21.773195,31.939785,26.856491
2018-08-02,20.786888,33.066776,26.926832
2018-08-03,19.199419,33.171597,26.185509
2018-08-04,19.09336,18.567192,18.830276
2018-08-05,21.438673,29.78123,25.609951
2018-08-06,22.014273,21.876245,21.94526
2018-08-07,21.535353,29.361712,25.448532
2018-08-08,20.571121,21.337626,20.954372
2018-08-09,21.05726,30.382391,25.719826
2018-08-10,21.983568,23.069187,22.526379
2018-08-11,22.973944,33.590034,28.28199
2018-08-12,21.113943,27.015865,24.064903
2018-08-13,20.678173,26.567442,23.622807
2018-08-14,19.76639,15.238538,17.502464
2018-08-15,20.410044,36.47849,28.444267
2018-08-16,20.691452,29.184135,24.937794
2018-08-17,22.273693,26.885132,24.579412
2018-08-18,20.781244,30.099998,25.44062
2018-08-19,20.315187,16.64892,18.482054
2018-08-20,20.075933,40.312874,30.194405
2018-08-21,22.129213,16.175,19.152107
2018-08-22,18.622988,34.19103,26.40701
2018-08-23,19.110209,33.04211,26.07616
2018-08-24,20.387302,34.407722,27.397512
2018-08-25,20.274523,40.855896,30.565208
2018-08-26,21.105146,24.712864,22.909004
2018-08-27,18.23975,29.610634,23.925192
2018-08-28,19.868298,27.57508,23.72169
2018-08-29,19.737595,29.39593,24.566761
2018-08-30,19.75867,21.170183,20.464428
2018-08-31,20.566473,38.19992,29.383198
2018-09-01,19.822905,38.39817,29.110538
2018-09-02,21.233692,28.29975,24.76672
2018-09-03,20.892117,24.714783,22.80345
2018-09-04,22.988546,20.176245,21.582396
2018-09-05,22.380249,19.690283,21.035267
2018-09-06,22.141909,21.502739,21.822323
2018-09-07,21.825062,27.557474,24.691269
2018-09-08,17.27477,18.161463,17.718117
2018-09-09,20.614937,38.473507,29.544222
2018-09-10,21.266308,30.314615,25.790462
2018-09-11,21.031866,28.786713,24.90929
2018-09-12,20.698423,24.324419,22.511421
2018-09-13,20.157011,17.80166,18.979336
2018-09-14,18.23444,26.517942,22.37619
2018-09-15,20.44166,28.94759,24.694626
2018-09-16,21.588299,31.953112,26.770706
2018-09-17,22.796265,39.8343,31.315283
2018-09-18,23.2917,28.603905,25.947803
2018-09-19,22.98249,33.853905,28.418198
2018-09-20,22.498507,35.80706,29.152782
2018-09-21,22.134275,30.599836,26.367056
2018-09-22,21.81112,18.930647,20.370884
2018-09-23,22.866058,33.87093,28.368494
2018-09-24,22.293278,23.423672,22.858475
2018-09-25,23.808048,32.831562,28.319805
2018-09-26,21.481161,29.47558,25.47837
2018-09-27,21.769793,27.375246,24.57252
2018-09-28,22.833775,28.526163,25.67997
2018-09-29,22.770622,22.66246,22.716541
2018-10-01,23.209045,22.727907,22.968475
2018-10-02,22.770042,35.77558,29.272812
2018-10-03,21.304647,40.099915,30.702282
2018-10-04,23.314606,25.029402,24.172005
2018-10-05,23.681908,34.503986,29.092947
2018-10-06,23.457094,37.945763,30.701427
2018-10-07,22.302406,33.12666,27.714533
2018-10-08,22.610622,21.784384,22.197502
2018-10-09,23.084648,31.223337,27.153992
2018-10-10,23.886389,14.055398,18.970894
2018-10-11,22.531868,30.762709,26.64729
2018-10-12,22.815187,32.848007,27.831596
2018-10-13,23.316267,32.8093,28.062782
2018-10-14,25.333693,35.249252,30.291473
2018-10-15,24.57444,32.25166,28.41305
2018-10-16,24.630041,36.46503,30.547535
2018-10-17,22.7639,30.761213,26.762558
2018-10-18,23.641827,12.634635,18.138231
2018-10-19,25.007717,25.364702,25.18621
2018-10-20,23.266142,27.958887,25.612514
2018-10-21,21.761246,29.216862,25.489054
2018-10-22,21.26473,37.550415,29.407574
2018-10-23,21.659336,38.56437,30.111853
2018-10-24,22.94506,21.237375,22.091217
2018-10-25,24.077759,19.217607,21.647682
2018-10-26,24.146723,7.9696016,16.058163
2018-10-27,23.823734,25.65382,24.738777
2018-10-28,23.240084,29.392027,26.316055
2018-10-29,22.718756,30.973091,26.845924
2018-10-30,22.835934,29.951496,26.393715
2018-10-31,22.188217,30.157806,26.173012
2018-11-01,24.008549,24.066694,24.03762
2018-11-02,24.055187,21.898586,22.976887
2018-11-03,23.094608,25.962376,24.528492
2018-11-04,23.074358,30.807394,26.940876
2018-11-05,23.115683,31.10789,27.111786
2018-11-06,23.435934,27.30714,25.371536
2018-11-07,23.880913,24.026413,23.953663
2018-11-08,21.77776,30.300003,26.038881
2018-11-09,24.44639,28.83073,26.638561
2018-11-10,23.723816,22.262457,22.993137
2018-11-11,23.325476,31.428902,27.37719
2018-11-12,23.411867,29.769764,26.590816
2018-11-13,23.299006,35.269104,29.284054
2018-11-14,24.254438,38.190865,31.222652
2018-11-15,23.528133,27.190863,25.359497
2018-11-16,24.575603,23.627573,24.10159
2018-11-17,23.871037,37.398838,30.634937
2018-11-18,23.530045,30.900002,27.215023
2018-11-19,23.147303,38.99178,31.069542
2018-11-20,22.816763,30.400002,26.608383
2018-11-21,23.644148,33.897095,28.770622
2018-11-22,24.045143,30.721426,27.383286
2018-11-23,22.824894,29.892443,26.35867
2018-11-24,23.297178,30.975914,27.136547
2018-11-25,23.786306,29.405893,26.5961
2018-11-26,23.485727,29.928988,26.707357
2018-11-27,22.052032,30.998585,26.525309
2018-11-28,21.352282,31.294603,26.323442
2018-11-29,22.3161,29.463623,25.889862
2018-11-30,22.296017,27.657726,24.976871
2018-12-01,23.487385,36.265366,29.876375
2018-12-02,24.055685,33.334885,28.695286
2018-12-03,24.39029,27.865034,26.127663
2018-12-04,23.308548,24.951912,24.13023
2018-12-05,23.253277,35.204483,29.22888
2018-12-06,23.27054,26.404816,24.837677
2018-12-07,21.920002,41.70224,31.811121
2018-12-08,22.01693,25.52284,23.769886
2018-12-09,19.93245,30.376661,25.154556
2018-12-10,21.655106,29.532976,25.59404
2018-12-11,21.292696,35.010212,28.151455
2018-12-12,23.735767,34.049004,28.892385
2018-12-13,21.557177,34.715862,28.13652
2018-12-14,21.351036,32.81636,27.083698
2018-12-15,21.859833,36.79784,29.328836
2018-12-16,22.134026,29.052076,25.593052
2018-12-17,22.968796,26.662127,24.81546
2018-12-18,21.189877,35.22824,28.209059
2018-12-19,21.587633,39.26869,30.428162
2018-12-20,22.298756,35.354156,28.826456
2018-12-21,22.93303,33.901497,28.417263
2018-12-22,22.770042,38.825,30.797522
2018-12-23,23.450954,29.835629,26.643291
2018-12-24,23.557842,32.0,27.778921
2018-12-25,23.66415,29.229733,26.446941
2018-12-26,23.645145,23.128988,23.387066
2018-12-27,22.495186,22.184137,22.33966
2018-12-28,22.744398,24.20324,23.47382
2018-12-29,23.075022,26.817606,24.946314
2018-12-31,24.218672,31.900002,28.059338
2019-01-01,24.326971,34.52531,29.42614
2019-01-02,23.75112,35.40606,29.57859
2019-01-03,23.585062,37.602074,30.593567
2019-01-04,23.133776,36.13087,29.632324
2019-01-05,23.92365,37.09452,30.509087
2019-01-06,23.997679,32.71544,28.35656
2019-01-07,23.378092,36.419086,29.89859
2019-01-08,22.564234,39.447887,31.006062
2019-01-09,23.079668,38.83062,30.955143
2019-01-10,21.239088,37.61344,29.426266
2019-01-11,24.00639,37.513523,30.759956
2019-01-12,22.750374,32.57776,27.664066
2019-01-13,23.41469,35.023983,29.219337
2019-01-14,22.471535,33.303486,27.88751
2019-01-15,25.10639,34.283234,29.694813
2019-01-16,25.636847,38.73527,32.186058
2019-01-17,24.314108,40.029793,32.17195
2019-01-18,24.420582,33.977844,29.199213
2019-01-19,24.662407,34.027138,29.344772
2019-01-20,24.238424,33.25502,28.746723
2019-01-21,24.504732,33.20141,28.85307
2019-01-22,23.894192,30.307718,27.100956
2019-01-23,22.86033,33.8483,28.354317
2019-01-24,23.006804,31.799835,27.40332
2019-01-25,23.41394,31.623486,27.518713
2019-01-26,24.007387,31.947718,27.977552
2019-01-27,24.863235,25.301495,25.082365
2019-01-28,23.7917,16.910954,20.351326
2019-01-29,22.367884,22.140749,22.254316
2019-01-30,22.888962,33.627632,28.258297
2019-01-31,24.371784,28.989212,26.680498
2019-02-01,25.176764,37.275932,31.226349
2019-02-02,25.020828,13.59751,19.30917
2019-02-03,25.077095,47.72423,36.400665
2019-02-04,24.679419,45.209293,34.944355
2019-02-05,24.968464,31.762901,28.365683
2019-02-06,24.135685,16.283318,20.209501
2019-02-07,24.358341,33.763153,29.060747
2019-02-08,24.603153,33.47353,29.038342
2019-02-09,22.98631,32.26199,27.62415
2019-02-10,23.624151,27.891537,25.757843
2019-02-11,23.619253,34.877342,29.248299
2019-02-12,24.194605,29.40415,26.799377
2019-02-13,24.57635,35.864395,30.220371
2019-02-14,25.355852,31.8,28.577927
2019-02-15,25.679585,33.9,29.789793
2019-02-16,24.4878,28.410124,26.448963
2019-02-17,25.278423,23.054441,24.166431
2019-02-18,23.581743,29.302324,26.442034
2019-02-19,23.418339,33.17469,28.296515
2019-02-20,24.169624,35.734276,29.95195
2019-02-21,24.287052,37.70083,30.99394
2019-02-22,23.847137,35.895603,29.87137
2019-02-23,25.195187,36.068962,30.632074
2019-02-24,26.028797,26.306473,26.167635
2019-02-25,24.417595,40.012527,32.21506
2019-02-26,25.065395,33.595184,29.33029
2019-02-27,23.592035,31.929956,27.760996
2019-02-28,23.199917,34.410294,28.805105
2019-03-01,23.521494,33.717842,28.619667
2019-03-02,23.478672,47.35917,35.418922
2019-03-03,23.514938,39.73162,31.62328
2019-03-04,23.363651,34.248962,28.806307
2019-03-05,24.104065,7.759585,15.931825
2019-03-06,22.92307,48.360004,35.641537
2019-03-07,24.225145,34.83411,29.529629
2019-03-08,23.86614,38.7,31.28307
2019-03-09,23.888712,37.0,30.444355
2019-03-10,22.649958,35.427387,29.038673
2019-03-11,23.517757,33.221825,28.369791
2019-03-12,23.651537,35.145557,29.398548
2019-03-13,23.24025,33.601826,28.421038
2019-03-14,25.69004,29.151203,27.420622
2019-03-15,23.248133,2.7442324,12.996182
2019-03-16,23.808218,24.007717,23.907967
2019-03-17,23.495354,25.3361,24.415726
2019-03-18,24.679918,31.031374,27.855646
2019-03-19,23.67867,37.6,30.639336
2019-03-20,25.063318,26.309544,25.686432
2019-03-21,22.91054,28.210373,25.560455
2019-03-22,24.243734,33.61278,28.928257
2019-03-23,23.807055,34.831036,29.319046
2019-03-24,23.483152,37.64249,30.56282
2019-03-25,23.951536,25.98614,24.968838
2019-03-26,23.571619,35.81104,29.69133
2019-03-27,23.432117,37.7,30.56606
2019-03-28,24.440828,38.467884,31.454357
2019-03-29,23.213608,34.648964,28.931286
2019-03-30,24.672033,33.79361,29.232822
2019-04-01,23.517427,31.1722,27.344814
2019-04-02,23.154272,28.960665,26.057468
2019-04-03,22.831205,30.010708,26.420956
2019-04-04,23.47469,20.743898,22.109295
2019-04-05,23.295021,31.382158,27.338589
2019-04-06,23.619667,12.193858,17.906763
2019-04-07,23.495768,28.215437,25.855602
2019-04-08,24.5878,23.434525,24.011162
2019-04-09,24.726805,23.142654,23.93473
2019-04-10,24.084398,22.96091,23.522655
2019-04-11,23.548964,21.607634,22.578299
2019-04-12,23.974524,32.93842,28.45647
2019-04-13,23.986807,30.6634,27.325104
2019-04-14,23.564648,35.33975,29.452198
2019-04-15,22.679918,25.26083,23.970375
2019-04-16,22.711699,32.841827,27.776764
2019-04-17,22.630041,32.613777,27.62191
2019-04-18,21.204397,-5.476432,7.8639827
2019-04-19,23.94664,14.290372,19.118505
2019-04-20,23.67419,33.549877,28.612034
2019-04-21,23.67137,20.647137,22.159252
2019-04-22,22.632032,36.369293,29.500664
2019-04-23,23.11693,35.44091,29.27892
2019-04-24,23.989958,28.339005,26.164482
2019-04-25,23.980497,37.479588,30.730042
2019-04-26,24.820581,38.192284,31.506432
2019-04-27,24.007967,35.6,29.803982
2019-04-28,24.90805,35.41386,30.160955
2019-04-29,24.821327,31.43676,28.129044
2019-04-30,23.378092,30.6,26.989046
2019-05-01,24.44473,29.1,26.772366
2019-05-02,22.25278,33.742825,27.997803
2019-05-03,22.230373,31.003489,26.616932
2019-05-04,22.672531,39.109127,30.89083
2019-05-05,22.514523,33.112946,27.813734
2019-05-06,20.568464,32.802822,26.685642
2019-05-07,22.764812,33.736515,28.250664
2019-05-08,22.146889,35.2356,28.691244
2019-05-09,22.879335,20.814108,21.846722
2019-05-10,22.397343,34.0,28.198671
2019-05-11,21.863901,32.04556,26.954731
2019-05-12,22.87112,35.55237,29.211744
2019-05-13,22.864233,32.081657,27.472946
2019-05-14,23.286556,19.453941,21.370249
2019-05-15,21.913279,22.530125,22.221703
2019-05-16,23.804398,28.3,26.052198
2019-05-17,22.798506,30.119751,26.45913
2019-05-18,21.23635,31.726725,26.481537
2019-05-19,22.280499,30.319918,26.300209
2019-05-20,21.72556,32.207718,26.966639
2019-05-21,24.399504,40.171623,32.285564
2019-05-22,22.751785,27.80025,25.276016
2019-05-23,21.299253,26.269379,23.784317
2019-05-24,21.54033,35.127804,28.334068
2019-05-25,21.37303,23.527966,22.450497
2019-05-26,21.59527,29.598505,25.596888
2019-05-27,20.994606,26.28274,23.638672
2019-05-28,21.485062,39.88498,30.68502
2019-05-29,23.05643,40.69303,31.874731
2019-05-30,19.351784,35.84473,27.598257
2019-05-31,23.720581,33.783073,28.751827
2019-06-01,23.360912,26.327635,24.844273
2019-06-02,20.768795,31.096846,25.93282
2019-06-03,21.493277,29.508549,25.500912
2019-06-04,20.973776,27.110624,24.0422
2019-06-05,21.175354,27.533775,24.354565
2019-06-06,21.38274,30.12888,25.75581
2019-06-07,20.433113,32.808548,26.62083
2019-06-08,20.145725,35.66938,27.907553
2019-06-09,19.078259,34.732445,26.905352
2019-06-10,20.786057,36.290787,28.538422
2019-06-11,20.856016,36.761494,28.808754
2019-06-12,20.294937,28.449793,24.372364
2019-06-13,19.38614,33.23344,26.309792
2019-06-14,20.99577,36.833195,28.914482
2019-06-15,21.451368,43.37087,32.411118
2019-06-16,22.459751,45.864067,34.16191
2019-06-17,22.259586,43.06058,32.660084
2019-06-18,19.722656,46.00415,32.863403
2019-06-19,17.908714,49.90191,33.90531
2019-06-20,17.540747,38.66357,28.102158
2019-06-21,21.483402,34.197426,27.840414
2019-06-22,20.057426,36.541992,28.29971
2019-06-23,19.605145,26.138258,22.8717
2019-06-24,20.551535,27.918673,24.235104
2019-06-25,19.18913,25.6361,22.412617
2019-06-26,20.870455,32.526806,26.698631
2019-06-27,20.174356,29.611952,24.893154
2019-06-28,19.11004,36.204067,27.657055
2019-06-29,18.466059,32.19867,25.332363
2019-07-01,21.023401,54.52365,37.773525
2019-07-02,21.44805,35.75162,28.599834
2019-07-03,22.006224,28.40614,25.20618
2019-07-04,23.99975,27.56332,25.781536
2019-07-05,22.473774,23.745975,23.109875
2019-07-06,23.149046,21.938091,22.543568
2019-07-07,21.424232,25.488632,23.456432
2019-07-08,19.93004,34.323322,27.126682
2019-07-09,18.901659,31.894192,25.397926
2019-07-10,19.39693,37.336845,28.366888
2019-07-11,20.564232,34.126225,27.345228
2019-07-12,19.762987,32.61286,26.187923
2019-07-13,19.121412,38.824814,28.973114
2019-07-14,20.079418,35.3639,27.721659
2019-07-15,20.14141,32.994274,26.567842
2019-07-16,22.250124,26.646803,24.448463
2019-07-17,21.226141,25.534855,23.380497
2019-07-18,19.487053,27.23892,23.362988
2019-07-19,19.21834,23.310207,21.264275
2019-07-20,19.592863,28.64025,24.116556
2019-07-21,19.642076,38.61942,29.130749
2019-07-22,20.997345,29.61278,25.305061
2019-07-23,20.268631,41.338345,30.803488
2019-07-24,19.621992,54.431282,37.026638
2019-07-25,19.351202,30.602655,24.976929
2019-07-26,20.693527,22.82813,21.76083
2019-07-27,20.137262,18.979004,19.558132
2019-07-28,18.480665,31.89336,25.187012
2019-07-29,19.338009,28.555847,23.946928
2019-07-30,17.478008,42.698837,30.088423
2019-07-31,19.164896,38.15203,28.658463
2019-08-01,18.273361,35.157513,26.715437
2019-08-02,20.213528,42.061325,31.137426
2019-08-03,18.911287,32.857838,25.884563
2019-08-04,20.346804,37.826885,29.086845
2019-08-05,21.277426,34.508297,27.89286
2019-08-06,24.218922,36.308548,30.263735
2019-08-07,21.971869,36.478924,29.225395
2019-08-08,21.33386,37.692947,29.513405
2019-08-09,19.76025,49.70697,34.733612
2019-08-10,20.252449,42.373528,31.312988
2019-08-11,20.454857,47.71809,34.08647
2019-08-12,19.363817,45.15278,32.258297
2019-08-13,19.883734,46.03917,32.961452
2019-08-14,19.692448,30.232534,24.96249
2019-08-15,21.34423,38.736763,30.040497
2019-08-16,18.9995,32.19054,25.59502
2019-08-17,19.09444,39.142906,29.118673
2019-08-18,19.217842,36.972034,28.094938
2019-08-19,19.262157,50.676514,34.969337
2019-08-20,20.988466,39.520912,30.254688
2019-08-21,20.06722,58.383564,39.22539
2019-08-22,20.004812,43.19353,31.59917
2019-08-23,22.015188,36.761494,29.38834
2019-08-24,20.29469,37.75062,29.022655
2019-08-25,20.780748,37.28249,29.03162
2019-08-26,21.219088,37.392033,29.305561
2019-08-27,20.59394,38.347134,29.470537
2019-08-28,20.176016,33.010624,26.593319
2019-08-29,18.912281,38.630623,28.771452
2019-08-30,18.59361,21.804232,20.198921
2019-08-31,19.650373,45.520832,32.5856
2019-09-01,20.145893,29.150707,24.6483
2019-09-02,20.812613,42.3922,31.602406
2019-09-03,22.248878,34.38714,28.318008
2019-09-04,20.970623,35.15477,28.062696
2019-09-05,22.39361,36.180412,29.28701
2019-09-06,19.808216,40.15801,29.983112
2019-09-07,20.515518,47.68357,34.099545
2019-09-08,19.519337,43.70689,31.613113
2019-09-09,16.797926,48.507717,32.65282
2019-09-10,20.09552,53.815853,36.95569
2019-09-11,20.985062,44.316597,32.65083
2019-09-12,20.344482,44.579002,32.461742
2019-09-13,21.374357,36.32365,28.849003
2019-09-14,22.077013,35.136765,28.606888
2019-09-15,20.67776,35.87278,28.275269
2019-09-16,22.041328,32.04896,27.045145
2019-09-17,21.127304,43.359585,32.243446
2019-09-18,21.293612,31.661495,26.477554
2019-09-19,21.29917,71.1176,46.208385
2019-09-20,21.012947,27.268545,24.140747
2019-09-21,21.787634,29.392864,25.590248
2019-09-22,21.18664,32.644314,26.915478
2019-09-23,19.60199,34.981,27.291494
2019-09-24,22.968048,35.729626,29.348837
2019-09-25,21.320082,34.085228,27.702656
2019-09-26,20.79087,39.946392,30.368631
2019-09-27,20.902075,20.9961,20.949087
2019-09-28,20.8161,41.69834,31.257221
2019-09-30,22.82921,35.03527,28.93224
2019-10-01,21.985312,37.620415,29.802864
2019-10-02,20.532948,47.97112,34.252033
2019-10-03,21.629625,51.184067,36.406845
2019-10-04,20.536764,48.24971,34.393238
2019-10-05,21.549793,62.063072,41.806435
2019-10-06,20.107883,31.14033,25.624107
2019-10-07,20.915438,35.235023,28.07523
2019-10-08,21.311203,37.488132,29.399668
2019-10-09,22.879005,45.117016,33.99801
2019-10-10,21.522491,33.797512,27.660002
2019-10-11,22.681826,38.100666,30.391247
2019-10-12,21.616846,43.99535,32.8061
2019-10-13,22.193195,34.391037,28.292116
2019-10-14,21.93693,48.038174,34.987553
2019-10-15,21.489626,49.08224,35.285934
2019-10-16,22.655268,43.310127,32.982697
2019-10-17,21.677675,50.02199,35.849834
2019-10-18,24.081327,51.079006,37.580166
2019-10-19,23.336018,49.07652,36.20627
2019-10-20,22.895105,45.507465,34.201286
2019-10-21,23.677095,59.79884,41.73797
2019-10-22,22.084812,69.21361,45.649208
2019-10-23,21.19469,37.40249,29.29859
2019-10-24,21.745893,37.81195,29.778923
2019-10-25,22.703568,27.449127,25.076347
2019-10-26,23.782408,40.60664,32.194523
2019-10-27,23.414772,10.931951,17.17336
2019-10-28,23.311619,39.281326,31.296473
2019-10-29,22.633528,9.061411,15.847469
2019-10-30,21.90838,38.536846,30.222614
2019-10-31,23.22556,40.686222,31.95589
2019-11-01,22.686556,35.90813,29.297344
2019-11-02,24.07635,39.620747,31.848549
2019-11-03,23.499584,40.168465,31.834024
2019-11-04,24.190289,48.111034,36.15066
2019-11-05,23.494276,53.56656,38.53042
2019-11-06,23.406057,43.526386,33.46622
2019-11-07,24.036596,29.609047,26.822823
2019-11-08,22.328962,38.6,30.464481
2019-11-09,23.686142,31.214357,27.450249
2019-11-10,23.769129,40.6,32.184563
2019-11-11,22.696764,36.60863,29.652699
2019-11-12,24.077261,35.696266,29.886765
2019-11-13,23.621326,14.4029045,19.012115
2019-11-14,23.87419,15.20025,19.53722
2019-11-15,23.57585,29.76954,26.672695
2019-11-16,22.625061,37.378674,30.001867
2019-11-17,24.056183,38.766804,31.411493
2019-11-18,23.160498,48.986473,36.073486
2019-11-19,23.157675,28.530537,25.844105
2019-11-20,23.102903,32.45726,27.780083
2019-11-21,22.993113,36.91345,29.953281
2019-11-22,23.344732,20.609629,21.97718
2019-11-23,24.357264,40.27867,32.317966
2019-11-24,23.330292,40.15892,31.744606
2019-11-25,21.064566,32.013443,26.539005
2019-11-26,21.914272,22.028881,21.971577
2019-11-27,21.99419,19.213278,20.603733
2019-11-28,19.229212,31.123568,25.17639
2019-11-29,23.496845,28.918673,26.20776
2019-11-30,22.258507,35.583073,28.92079
2019-12-01,23.448961,41.299995,32.374477
2019-12-02,22.656433,37.48672,30.071577
2019-12-03,21.958675,37.712696,29.835686
2019-12-04,23.07552,27.212448,25.143984
2019-12-05,22.77776,29.86855,26.323154
2019-12-06,21.922241,36.117096,29.019669
2019-12-07,22.001162,32.331867,27.166515
2019-12-08,22.393278,36.93494,29.664108
2019-12-09,20.720581,33.48141,27.100996
2019-12-10,21.884068,32.92116,27.402615
2019-12-11,25.085146,32.730125,28.907635
2019-12-12,24.364897,32.254856,28.309875
2019-12-13,24.330374,30.762655,27.546515
2019-12-14,25.321991,31.476183,28.399086
2019-12-15,23.453941,33.46531,28.459625
2019-12-16,20.713278,30.108217,25.410748
2019-12-17,23.051037,32.031204,27.54112
2019-12-18,23.444149,32.51212,27.978134
2019-12-19,23.885561,34.423485,29.154522
2019-12-20,24.216682,33.23187,28.724276
2019-12-21,25.599834,37.76548,31.682657
2019-12-22,27.616932,33.09469,30.35581
2019-12-23,26.043736,35.394436,30.719086
2019-12-24,25.98556,30.437014,28.211287
2019-12-25,23.934855,33.390457,28.662655
2019-12-26,24.712448,30.148214,27.430332
2019-12-27,23.376266,33.49519,28.435728
2019-12-28,23.412115,31.517181,27.46465
2019-12-30,22.896597,31.879667,27.388132
2019-12-31,23.269213,32.474937,27.872074
2020-01-01,23.49552,36.506058,30.00079
2020-01-02,22.747137,32.352528,27.549831
2020-01-03,22.709791,32.002075,27.355934
2020-01-04,22.807634,29.149378,25.978506
2020-01-05,20.689627,30.080498,25.385063
2020-01-06,21.392862,30.227055,25.80996
2020-01-07,18.006224,33.321163,25.663692
2020-01-08,23.741743,34.860832,29.301289
2020-01-09,24.125393,36.154522,30.139957
2020-01-10,23.34166,33.721413,28.531536
2020-01-11,21.744566,34.553196,28.14888
2020-01-12,23.77776,33.243984,28.510872
2020-01-13,22.901325,35.928963,29.415144
2020-01-14,24.008299,34.333694,29.170998
2020-01-15,22.884314,34.046474,28.465393
2020-01-16,23.491701,33.566887,28.529293
2020-01-17,23.512117,33.251617,28.381866
2020-01-18,26.018173,32.30797,29.16307
2020-01-19,23.085892,32.972282,28.029087
2020-01-20,23.552612,30.12913,26.84087
2020-01-21,23.136929,34.0834,28.610165
2020-01-22,22.62556,30.825642,26.725601
2020-01-23,21.716845,29.734524,25.725685
2020-01-24,22.653442,27.911453,25.282448
2020-01-25,23.554522,28.920166,26.237343
2020-01-26,26.46274,17.888464,22.175602
2020-01-27,22.492117,30.420248,26.456182
2020-01-28,23.860748,29.749132,26.80494
2020-01-29,23.881329,31.236929,27.559128
2020-01-30,23.942492,31.550539,27.746515
2020-01-31,24.922241,32.27768,28.59996
2020-02-01,24.780664,33.700497,29.240582
2020-02-02,24.13278,33.911453,29.022118
2020-02-03,23.7644,33.356018,28.56021
2020-02-04,24.200083,34.695686,29.447884
2020-02-05,23.96141,32.353027,28.157219
2020-02-06,23.9,31.273777,27.586887
2020-02-07,21.361576,35.38473,28.373154
2020-02-08,23.412117,29.946308,26.679213
2020-02-09,21.417843,33.8878,27.65282
2020-02-10,22.313278,31.774935,27.044106
2020-02-11,24.36805,31.782572,28.07531
2020-02-12,24.809544,33.643982,29.226763
2020-02-13,24.080332,30.635853,27.358093
2020-02-14,23.772366,30.414772,27.093569
2020-02-15,22.83502,31.107803,26.971413
2020-02-16,23.936514,31.485147,27.71083
2020-02-17,23.735188,31.61469,27.674938
2020-02-18,24.324066,30.788548,27.556307
2020-02-19,23.257261,31.222239,27.23975
2020-02-20,23.559584,29.381992,26.470787
2020-02-21,23.647882,32.002735,27.82531
2020-02-22,24.982407,32.68838,28.835394
2020-02-23,24.228714,32.98274,28.605726
2020-02-24,24.31079,31.851536,28.081161
2020-02-25,24.139833,32.5361,28.337967
2020-02-26,23.50224,31.243568,27.372904
2020-02-27,24.12664,34.34324,29.23494
2020-02-28,25.133778,33.261578,29.197678
2020-02-29,23.62465,29.96722,26.795935
2020-03-01,22.976763,30.377094,26.67693
2020-03-02,23.43552,31.72946,27.582489
2020-03-03,18.20473,30.443237,24.323982
2020-03-04,23.608217,34.103405,28.855812
2020-03-05,24.188713,34.436844,29.312778
2020-03-06,24.531618,31.351618,27.941618
2020-03-07,24.98174,31.820248,28.400993
2020-03-08,22.991535,30.96664,26.979088
2020-03-09,23.301575,30.254276,26.777925
2020-03-10,23.728216,28.820082,26.274149
2020-03-11,23.857178,30.978092,27.417635
2020-03-12,23.377924,30.266056,26.821991
2020-03-13,24.374605,30.535435,27.45502
2020-03-14,24.340914,28.82332,26.582117
2020-03-15,25.604065,30.79967,28.201866
2020-03-16,24.284979,30.395267,27.340122
2020-03-17,22.622656,32.1,27.361328
2020-03-18,24.767717,31.924232,28.345974
2020-03-19,24.284397,32.55917,28.421783
2020-03-20,22.738508,31.667469,27.202988
2020-03-21,17.528965,31.744398,24.63668
2020-03-22,18.412449,31.075354,24.7439
2020-03-23,18.639917,32.36199,25.500954
2020-03-24,15.4321995,29.86506,22.64863
2020-03-25,24.023983,30.278423,27.151203
2020-03-26,14.949793,29.767385,22.35859
2020-03-27,21.92863,28.661825,25.295227
2020-03-28,17.658175,29.67029,23.664232
2020-03-30,21.938755,31.344898,26.641827
2020-03-31,23.405891,31.255106,27.330498
2020-04-01,22.830624,30.789957,26.810291
2020-04-02,23.577013,31.400995,27.489004
2020-04-03,23.419172,30.561161,26.990166
2020-04-04,23.541496,31.814524,27.678009
2020-04-05,24.472198,33.719,29.0956
2020-04-06,22.748632,33.148716,27.948673
2020-04-07,23.390205,31.399748,27.394978
2020-04-08,16.132448,32.224648,24.178547
2020-04-09,19.392447,31.648548,25.520496
2020-04-10,17.501493,31.148716,24.325104
2020-04-11,22.176348,31.843153,27.00975
2020-04-12,22.522572,31.913774,27.218174
2020-04-13,23.413359,30.738674,27.076015
2020-04-14,18.40332,32.780415,25.591867
2020-04-15,13.236597,30.627886,21.932241
2020-04-16,31.955353,31.76797,31.86166
2020-04-17,12.798589,30.434689,21.616638
2020-04-18,20.163403,30.6722,25.4178
2020-04-19,23.62274,29.921408,26.772074
2020-04-20,23.064316,30.03909,26.551702
2020-04-21,20.439915,30.733356,25.586636
2020-04-22,22.331867,29.048302,25.690084
2020-04-23,23.579334,29.814854,26.697094
2020-04-24,18.054771,29.64025,23.847511
2020-04-25,21.95253,30.500746,26.226639
2020-04-26,22.212032,29.513193,25.862614
2020-04-27,22.532616,30.314354,26.423485
2020-04-28,22.590374,29.82838,26.209377
2020-04-29,20.618174,30.501743,25.55996
2020-04-30,21.866142,30.070372,25.968258
2020-05-01,21.969543,31.155188,26.562366
2020-05-02,22.893942,31.022245,26.958094
2020-05-03,22.500664,31.320414,26.910538
2020-05-04,22.971037,31.807714,27.389376
2020-05-05,21.662157,31.136765,26.39946
2020-05-06,21.832779,31.46498,26.64888
2020-05-07,18.783403,30.907303,24.845352
2020-05-08,20.879917,27.982073,24.430996
2020-05-09,12.035187,30.068214,21.0517
2020-05-10,19.005726,31.955103,25.480415
2020-05-11,17.811949,31.182407,24.497177
2020-05-12,20.658257,28.66573,24.661993
2020-05-13,19.927553,29.211369,24.569462
2020-05-14,22.92556,31.009712,26.967636
2020-05-15,19.99635,30.646889,25.321619
2020-05-16,18.825644,32.931534,25.87859
2020-05-17,22.402987,31.207304,26.805145
2020-05-18,21.017593,30.169378,25.593487
2020-05-19,21.822489,29.56921,25.69585
2020-05-20,20.028961,28.747717,24.38834
2020-05-21,20.975851,28.984068,24.97996
2020-05-22,20.621824,29.406555,25.01419
2020-05-23,21.402409,28.437927,24.920168
2020-05-24,19.937925,32.31394,26.12593
2020-05-25,21.274359,30.86166,26.068008
2020-05-26,19.65751,28.054525,23.856018
2020-05-27,16.999834,30.275602,23.637718
2020-05-28,17.198175,30.376019,23.787098
2020-05-29,18.631285,28.37336,23.502323
2020-05-30,14.757013,27.288298,21.022655
2020-05-31,20.80971,29.894276,25.351994
2020-06-01,17.268797,31.126057,24.197426
2020-06-02,19.521662,30.79054,25.156101
2020-06-03,21.146889,30.370625,25.758757
2020-06-04,21.377508,30.017593,25.697552
2020-06-05,20.657177,29.744728,25.200953
2020-06-06,20.97469,29.560165,25.267427
2020-06-07,19.5922,28.971869,24.282034
2020-06-08,22.152946,29.656265,25.904606
2020-06-09,20.661661,29.099335,24.880497
2020-06-10,22.923985,30.417511,26.670748
2020-06-11,22.317263,29.399336,25.8583
2020-06-12,22.938007,29.512863,26.225435
2020-06-13,20.689625,29.018587,24.854107
2020-06-14,21.683733,27.989212,24.836472
2020-06-15,21.345808,28.476763,24.911285
2020-06-16,20.958342,27.902075,24.430208
2020-06-17,10.871536,26.85278,18.862158
2020-06-18,19.90581,27.74058,23.823195
2020-06-19,21.934273,30.55635,26.245312
2020-06-20,22.153028,29.856182,26.004604
2020-06-21,22.29469,29.870125,26.082407
2020-06-22,20.488298,29.305809,24.897053
2020-06-23,19.779087,28.893446,24.336266
2020-06-24,21.29137,25.666473,23.478922
2020-06-25,20.204233,30.13502,25.169626
2020-06-26,21.372864,30.045393,25.70913
2020-06-27,20.785477,30.275434,25.530457
2020-06-29,18.108215,29.415352,23.761784
2020-06-30,15.7273855,29.274273,22.50083
2020-07-01,19.614357,28.52689,24.070623
2020-07-02,21.024231,30.70946,25.866844
2020-07-03,21.763735,28.672945,25.21834
2020-07-04,20.370539,29.103819,24.737179
2020-07-05,21.258673,29.312449,25.28556
2020-07-06,20.877844,29.863155,25.370499
2020-07-07,21.2078,30.609959,25.908878
2020-07-08,20.777096,27.899336,24.338215
2020-07-09,18.906223,28.24,23.573112
2020-07-10,21.248215,30.159086,25.703651
2020-07-11,20.452366,30.80382,25.628094
2020-07-12,18.213858,29.96191,24.087883
2020-07-13,19.633278,29.487637,24.560457
2020-07-14,19.908466,27.383488,23.645977
2020-07-15,20.496265,30.932034,25.71415
2020-07-16,22.508465,26.114525,24.311495
2020-07-17,19.519253,24.936514,22.227882
2020-07-18,18.42365,27.693441,23.058546
2020-07-19,12.391286,28.652367,20.521826
2020-07-20,15.598838,28.1522,21.875519
2020-07-21,15.037344,28.295435,21.66639
2020-07-22,15.643568,27.647886,21.645727
2020-07-23,14.7487135,28.158176,21.453445
2020-07-24,14.518257,28.695105,21.606682
2020-07-25,11.706307,28.92307,20.31469
2020-07-26,16.240913,28.7639,22.502407
2020-07-27,20.280333,28.679585,24.479958
2020-07-28,19.402739,29.815437,24.609089
2020-07-29,21.352697,29.358007,25.355352
2020-07-30,20.283403,29.852947,25.068176
2020-07-31,20.162325,29.432865,24.797596
2020-08-01,18.947056,26.669544,22.8083
2020-08-02,19.705645,27.811203,23.758423
2020-08-03,17.368216,27.00639,22.187302
2020-08-04,17.286222,27.51311,22.399666
2020-08-05,17.97386,27.791037,22.882448
2020-08-06,18.832865,26.94506,22.888962
2020-08-07,13.49029,26.799252,20.144772
2020-08-08,13.476681,27.556183,20.516432
2020-08-09,15.613775,27.375599,21.494686
2020-08-10,18.56282,26.923237,22.743029
2020-08-11,19.162323,28.652367,23.907345
2020-08-12,18.31668,27.945974,23.131329
2020-08-13,17.77336,31.286142,24.52975
2020-08-14,16.89253,32.36805,24.630291
2020-08-15,18.156763,29.943403,24.050083
2020-08-16,21.219501,31.122738,26.17112
2020-08-17,20.424232,31.522905,25.973568
2020-08-18,21.619669,33.16938,27.394524
2020-08-19,19.440996,32.773945,26.107471
2020-08-20,22.292198,29.32332,25.807758
2020-08-21,22.157097,31.26747,26.712284
2020-08-22,17.994688,27.501413,22.74805
2020-08-23,18.181078,25.89892,22.039999
2020-08-24,16.955435,28.784233,22.869835
2020-08-25,17.9156,26.967136,22.441368
2020-08-26,16.851452,26.482738,21.667095
2020-08-27,18.939835,28.845808,23.892822
2020-08-28,18.811619,27.33527,23.073444
2020-08-29,21.430622,30.181162,25.805893
2020-08-30,19.708052,29.422571,24.565311
2020-08-31,21.445477,30.290125,25.867802
2020-09-01,21.049377,30.498175,25.773777
2020-09-02,21.163237,28.944649,25.053944
2020-09-03,17.801329,27.771454,22.786392
2020-09-04,18.401077,31.297676,24.849377
2020-09-05,20.19054,28.272945,24.231743
2020-09-06,18.56581,30.585062,24.575436
2020-09-07,19.946388,28.0,23.973194
2020-09-08,21.277924,32.86705,27.072487
2020-09-09,20.920832,29.714523,25.317677
2020-09-10,19.826307,29.6205,24.723404
2020-09-11,19.012447,29.959997,24.486221
2020-09-12,19.236265,32.058006,25.647137
2020-09-13,16.609045,30.615353,23.612198
2020-09-14,18.51303,29.253527,23.883278
2020-09-15,19.846556,29.55693,24.701744
2020-09-16,17.013279,29.777843,23.395561
2020-09-17,19.16108,29.57693,24.369003
2020-09-18,19.642075,31.203487,25.422781
2020-09-19,20.646143,33.93087,27.288506
2020-09-20,21.6405,33.462074,27.551287
2020-09-21,22.384895,34.96863,28.676764
2020-09-22,21.726473,28.481909,25.10419
2020-09-23,21.802492,34.388798,28.095646
2020-09-24,21.27303,28.889296,25.081161
2020-09-25,18.88996,30.188713,24.539337
2020-09-26,20.620663,30.047552,25.334106
2020-09-28,23.001743,30.356016,26.678879
2020-09-29,22.307966,34.33261,28.32029
2020-09-30,22.513859,32.885727,27.699793
2020-10-01,22.794771,30.457512,26.62614
2020-10-02,22.159918,33.824562,27.99224
2020-10-03,22.624151,29.705893,26.165022
2020-10-04,22.53502,31.721577,27.1283
2020-10-05,22.773443,31.162825,26.968134
2020-10-06,21.75162,32.10149,26.926556
2020-10-07,23.153526,31.898424,27.525974
2020-10-08,22.699501,31.494606,27.097054
2020-10-09,24.786472,34.499584,29.643028
2020-10-10,23.382738,33.201496,28.292118
2020-10-11,24.521662,37.352036,30.936848
2020-10-12,23.419086,30.212616,26.815851
2020-10-13,22.448797,32.943897,27.696346
2020-10-14,22.18274,32.331455,27.257097
2020-10-15,22.082489,31.141413,26.61195
2020-10-16,21.234938,32.650707,26.942822
2020-10-17,21.409544,29.917511,25.663528
2020-10-18,21.16498,27.350952,24.257965
2020-10-19,20.32108,27.416681,23.868881
2020-10-20,23.361826,24.682407,24.022118
2020-10-21,22.402489,28.895267,25.648878
2020-10-22,22.9961,27.39386,25.19498
2020-10-23,22.416431,29.03834,25.727386
2020-10-24,23.830538,26.147966,24.989252
2020-10-25,24.602821,29.502989,27.052906
2020-10-26,23.725641,30.117346,26.921494
2020-10-27,23.222738,34.071617,28.647179
2020-10-28,21.856764,31.716682,26.786724
2020-10-29,32.200497,32.71942,32.45996
2020-10-30,21.456182,32.890953,27.173569
2020-10-31,17.022738,32.09178,24.557259
2020-11-01,20.503155,32.222656,26.362906
2020-11-02,19.600664,29.311287,24.455975
2020-11-03,22.11801,31.096846,26.607428
2020-11-04,23.812778,30.686392,27.249584
2020-11-05,22.675852,32.166058,27.420956
2020-11-06,23.081411,32.152615,27.617012
2020-11-07,23.331451,32.850124,28.090788
2020-11-08,23.512945,33.65585,28.584396
2020-11-09,24.103071,31.788052,27.94556
2020-11-10,22.880497,31.560995,27.220745
2020-11-11,22.218754,31.443321,26.831038
2020-11-12,20.866804,35.465725,28.166264
2020-11-13,23.197178,32.9278,28.062489
2020-11-14,22.956596,31.057426,27.007011
2020-11-15,23.12855,29.821657,26.475103
2020-11-16,23.488548,31.286722,27.387634
2020-11-17,23.055267,30.866974,26.96112
2020-11-18,23.04332,31.539003,27.29116
2020-11-19,22.956516,31.391203,27.173859
2020-11-20,23.293194,30.79469,27.043941
2020-11-21,22.905062,30.40365,26.654356
2020-11-22,21.985062,30.971785,26.478424
2020-11-23,22.644814,29.021412,25.833113
2020-11-24,22.609129,29.122738,25.865932
2020-11-25,21.727966,28.765476,25.246721
2020-11-26,22.539999,29.374605,25.957302
2020-11-27,22.814108,28.440828,25.627468
2020-11-28,22.703485,29.651537,26.177511
2020-11-29,22.372534,28.952862,25.662697
2020-11-30,21.103071,28.362656,24.732864
2020-12-01,23.421244,31.168549,27.294895
2020-12-02,23.433693,30.730455,27.082073
2020-12-03,24.500582,30.33162,27.4161
2020-12-04,24.601162,33.396515,28.998838
2020-12-05,23.909212,35.612118,29.760666
2020-12-06,22.653942,28.290457,25.472198
2020-12-07,23.02639,32.946804,27.986597
2020-12-08,22.253777,28.46772,25.360748
2020-12-09,22.192614,25.171535,23.682076
2020-12-10,22.470871,29.243734,25.857304
2020-12-11,22.467054,28.615437,25.541245
2020-12-12,23.555767,29.63137,26.593569
2020-12-13,23.211123,32.444397,27.827759
2020-12-14,22.325228,33.974358,28.149792
2020-12-15,21.734608,35.315186,28.524897
2020-12-16,23.027304,37.77286,30.400082
2020-12-17,22.588549,32.082573,27.33556
2020-12-18,23.924978,37.51444,30.719707
2020-12-19,23.503155,31.46813,27.485641
2020-12-20,24.312199,32.044563,28.178381
2020-12-21,23.605726,32.737015,28.171371
2020-12-22,23.281742,31.09917,27.190456
2020-12-23,23.329628,31.93477,27.632198
2020-12-24,22.422407,28.755022,25.588715
2020-12-25,22.39751,30.129625,26.263569
2020-12-26,21.485727,28.535517,25.010622
2020-12-28,21.956764,29.256678,25.60672
2020-12-29,21.912529,29.214357,25.563442
2020-12-30,20.755434,29.635353,25.195393
